제목,발생기간,수집기간:시작일,수집기간:종료일,대주제,소주제,수집건수_웹사이트,수집건수_문서,수집건수_동영상,수집건수_이미지,내용,출처
2022년 20대 대통령선거(20대 대선),2022-03-09,2021-09-01,2022-02-26,사회과학,행정학,210,0,0,0,"제20대 대통령선거가 2022년 3월 9일 실시된다. 제20대 대통령선거는 18세 이상의 국민으로 선거권이 확장된 이래 두 번째로 치르는 선거이며, 대통령선거로는 첫 번째 선거이다. 선거일에 투표할 수 없는 국민은 사전투표기간(2022.3.4.~3.5.)에 전국 사전투표소 어디에서나 투표할 수 있다. 제20대 대통령 당선인의 임기는 2022년 5월 10일부터 2027년 5월 9일까지로 만 5년이다.
20대 대선 컬렉션은 중앙선거관리위원회, 주요언론의 20대 대선 특집 웹페이지 등 관련 기관의 웹사이트 및 이미지·동영상·보도자료 등으로 구성되어 있다.

<출처>
중앙선거관리위원회
(https://www.nec.go.kr/site/vt/ex/bbs/View.do?cbIdx=1235&bcIdx=151531&relCbIdx=1147)",">
중앙선거관리위원회
(https://www.nec.go.kr/site/vt/ex/bbs/View.do?cbIdx=1235&bcIdx=151531&relCbIdx=1147)"
제16회 도쿄 패럴림픽,2021-08-24,2021-07-05,2021-11-07,예술,"오락,스포츠",261,0,0,0,"2021년 8월 24일 9월 5일까지 일본 도쿄에서 열린 제16회 하계 패럴림픽으로, 코로나19의 전 세계 확산으로 1년 연기돼 개막되었다. 참가국은 당초 181개국에서 163개국으로 줄었는데, 코로나19의 여파로 사모아, 통가 등이 참가를 포기했고, 그 외 일부 국가들이 국내외 사정을 이유로 불참을 알렸다. 불참국 중에서 이슬람 무장단체 탈레반이 정권을 재장악한 아프가니스탄이 눈길을 끌었다.
도쿄 패럴림픽은 22개 종목 540개 경기가 열렸는데, 태권도가 처음으로 패럴림픽에 채택된 대회가 되었다. 대한민국은 이 대회에 14개 종목 86명의 선수가 참가했다. 임원단까지 합하면 총 159명이 참가한 것으로, 이는 역대 대회 최대 규모였다. 우리나라 선수단은 금메달 2개, 은메달 10개, 동메달 12개로 종합순위 41위의 성적을 거두는 등 선전하였다. 다만 우리나라 선수들의 평균 나이가 평균 40.5세로 15명 넘게 출전한 나라에서 평균 나이가 제일 많았다는 점이 지적되기도 했다.

제16회 도쿄 패럴림픽 컬렉션은 대한장애인체육회 공식사이트 및 각종 언론의 특집, 기획 웹사이트, 대회 관련 언론 보도자료 등으로 구성되어 있다.

<출처>
국제패럴림픽위원회(https://www.paralympic.org/)
대한장애인체육회
(https://www.koreanpc.kr/sports/list.do?per_menu_idx=75&tabCnt=2&menu_idx=80)
네이버 시사상식사전(https://terms.naver.com/entry.naver?docId=4390805)",">
국제패럴림픽위원회(https://www.paralympic.org/)
대한장애인체육회
(https://www.koreanpc.kr/sports/list.do?per_menu_idx=75&tabCnt=2&menu_idx=80)
네이버 시사상식사전(https://terms.naver.com/entry.naver?docId=4390805)"
2021년 대한민국 재보궐선거 (4·7 재보궐선거),2021-07-23,2021-07-05,2021-11-17,사회과학,행정학,271,0,0,0,"2020년 7월 10일 박원순 전 서울시장의 임기 중 사망, 오거돈 전 부산시장 자진사퇴 등으로 인해, 재보궐선거가 실시되었다.
재보궐선거는 2021년 4월 7일 실시되었으며, 총 21개 선거구를 대상으로 진행되었다. 대상은 시·도지사(서울특별시, 부산광역시) 2명, 기초단체장(울산 남구청장, 의령군수) 2명, 광역의원(서울특별시의원, 경기도의원, 충청북도의원, 전라남도의원, 경상남도의원) 8명, 기초의원(영등포구의원, 송파구의원, 울주군의원, 파주시의원, 예산군의원, 김제시의원, 보성군의원, 의령군의원, 함안군의원) 9명 등이다.
시·도지사 투표을은 56.8%로 유권자수 11,362,180명 중 6,448,681명이 투표하였다. 기초단체장 투표율은 42.9%로 유권자수 296,419명 중 127,133명이 투표하였다. 광역의원 투표율은 43.3%로 유권자수 354,058명 중 153,216명이 투표하였다. 마지막으로 기초의원 투표율은 39.0%로 유권자수 349,245명 중 136,088명이 투표하였다.
개표 결과 국민의힘 오세훈 후보가 57.5% 득표율로 서울특별시장에 당선되었으며, 국민의힘 박형준 후보가 62.67% 득표율을 달성해 부산광역시장에 당선되었다. 울산 남구청장에는 63.73% 득표율을 달성한 국민의힘 서동욱 후보가, 의령군수에는 44.33% 득표율을 달성한 국민의힘 오태완 후보가 당선되었다.
광역의원에는 국민의힘 이종환 후보, 국민의힘 백현종 후보, 국민의힘 원갑희 후보, 더불어민주당 한춘옥 후보, 더불어민주당 박선준 후보, 국민의힘 백수명 후보, 국민의힘 손태영 후보, 무소속 김재웅 후보가 당선되었다.
기초의원에는 국민의힘 차인영 후보, 국민의힘 김순애 후보, 국민의힘 박기홍 후보, 국민의힘 박수연 후보, 국민의힘 홍원표 후보, 더불어민주당 김승일 후보, 더불어민주당 조영남 후보, 무소속 윤병열 후보, 국민의힘 황철용 후보가 당선되었다.
4·7 재보궐선거 컬렉션은 중앙선거관리위원회 재·보궐선거 특집홈페이지를 비롯하여 출마 및 당선자 SNS, 선거관련 언론보도, 통계자료 등으로 구성되어 있다.

<출처>
중앙선거관리위원회
(https://www.nec.go.kr/site/nec/main.do)",">
중앙선거관리위원회
(https://www.nec.go.kr/site/nec/main.do)"
제32회 2020 도쿄올림픽,2021-07-23,2020-11-03,2021-11-17,예술,"오락,스포츠",511,0,0,0,"2021년 7월 23일부터 8월 8일까지 일본 도쿄에서 열린 제32회 하계올림픽으로, 코로나19의 전 세계 확산으로 1년 연기돼 개막된 올림픽이다. 하계 올림픽이 감염병으로 연기된 것은 올림픽 역사 124년 만에 처음 있는 일로, 당초 도쿄올림픽은 2020년 7월 24일부터 8월 9일까지 개최될 예정이었다. 이전까지 3차례(1916 베를린, 1940 도쿄, 1944 런던) 올림픽이 열리지 않은 사례는 있었으나 이는 모두 취소된 대회(세계대전)다. 이번 올림픽 연기 결정으로, 4년 주기로 짝수 해에 열리던 전통도 처음으로 깨지게 됐다. 대회가 1년 연기되어 2021년에 개최되었지만, 대회 명칭은 그대로 '2020 도쿄올림픽'이 사용되었다.
도쿄올림픽은 코로나19의 확산세에 따라 사상 초유의 무관중 올림픽으로 치러졌다. 개막식부터 무관중으로 진행되었으며, 전체 경기의 96%가 관중 없이 열렸다. 또, 대회 내내 개최지에 머물 수 있던 예전과 달리 선수들은 종목 일정에 따라 경기 시작 5일 전에나 입국하고, 경기 후 이틀 안에 출국해야 했다. 아울러 시상식도 코로나19 상황을 고려해 메달을 받는 선수가 스스로 메달을 목에 걸도록 해, 수여자가 메달을 전달한 뒤 악수나 포옹을 하는 장면이 사라졌다.
도쿄올림픽 2020에서는 33개 종목, 339개 세부종목이 치러졌다. 이는 28개 종목 306개였던 2016년 대회보다 33개가 증가한 것이다. 그중에 특히 스케이트보드와 스포츠 클라이밍, 서핑, 카라테, BMX 프리스타일, 3x3 농구 등 신규 종목들이 이목을 끌었고, 도코올림픽 조직위 추천으로 야구가 12년 만에 정식종목에 복귀했다.
도쿄올림픽과 패럴림픽에서 수여된 약 5,000개의 메달은 일본 국민이 기부한 작은 전자제품에서 추출한 재생 금속으로 제작하였다. 메달 수여가 진행된 시상대 또한 일본 국민이 기증한 재활용 플라스틱과 해양 플라스틱 폐기물 재생 소재로 제작하여 친환경 대회임을 최대한 홍보했다.
도쿄올림픽에는 206개의 국가대표팀이 참여했으며, 종합 1위를 차지한 나라는 금메달 39개, 은메달 41개, 동메달 33개를 획득한 미국이었다. 미국에 이어 중국이 금메달 38개로 2위에 위치했으며, 개최국 일본이 금메달 27개, 은메달 14개, 동메달 17개로 역대 최고 성적을 거두며 3위를 차지했다. 대한민국은 이 대회에 29개 종목, 354명의 선수단을 파견해 금메달 6개, 은메달 4개, 동메달 10개로 총 20개의 메달을 획득했다. 종합순위로는 16위의 성적이었다.
제32회 도쿄올림픽 컬렉션은 대한체육회 블로그 및 국내 각종 언론의 기획 웹사이트, 대회 관련 보도자료 등으로 구성되어 있다.
<출처>
도쿄올림픽 공식홈페이지(https://olympics.com/ko/olympic-games/tokyo-2020)
도쿄2020 메달순위(https://olympics.com/ko/olympic-games/tokyo-2020/medals)
네이버 시사상식사전(https://terms.naver.com/entry.naver?docId=5781644)",">
도쿄올림픽 공식홈페이지(https://olympics.com/ko/olympic-games/tokyo-2020)
도쿄2020 메달순위(https://olympics.com/ko/olympic-games/tokyo-2020/medals)
네이버 시사상식사전(https://terms.naver.com/entry.naver?docId=5781644)"
문화콘텐츠,2021-01-01,2022-01-27,2022-12-31,예술,"공연예술,매체예술",603,0,0,0,"“한류가 아시아와 그 너머 다른 국가들에서도 한국의 문화적 영향력을 확산시켜 한국을 세계적인 무대에 올려놓은 사실은 부정할 수 없다. 한국은 대중문화 수출의 선두 국가 중 하나이다.”
마티아스 코먼 OECD 사무총장이 2021년 12월 문화체육관광부 해외문화홍보원과 인터뷰 중 한 발언이다. 그의 발언과 같이 한국 문화계에 2021년은 세계 무대가 낯설지 않은 해였다. 영화, 드라마, 대중음악 등 다방면에서 한국 문화콘텐츠는 예술적·상업적 성과를 올렸다.
4월 25일 미국 캘리포니아에서 열린 아카데미 시상식에서는 배우 윤여정이 한국인 최초로 여우조연상을 수상했다. 1980년대 미국 이민을 선택한 한국인 가족의 이야기를 그린 영화 '미나리'에서 할머니 순자 역을 맡은 윤여정의 연기가 호평을 받은 것이다. 윤여정은 같은 달 초 영국 아카데미 상을 받았고, 9월 타임(TIME)지의 ‘2021년 세계에서 가장 영향력 있는 100인’에 선정되기도 했다.
10월 12일 넷플릭스는 공식 트위터에 한국 오리지널 드라마 ‘오징어 게임’을 전 세계 1억1100만 명이 오징어 게임을 시청해 시청자 수가 역대 1위를 기록했다고 밝혔다. 미국을 비롯한 여러 나라에서 인기 작품 순위 1위를 기록한 '오징어 게임'은 47일 연속 정상을 유지해 넷플릭스 사상 최장 1위 기록을 세우기도 했다. 또, 출연자들의 의상, 드라마에 등장한 게임 등이 세계적으로 유행하는 등 선풍적인 인기를 끌었다.
11월 21일 열린 미국 ‘2021 아메리칸 뮤직 어워즈’(2021 American Music Awards, AMAs)에서 방탄소년단(BTS)은 최고 영예인 ‘올해의 아티스트’(Artist Of The Year)를 포함해 3관왕을 차지했다. 아시아 가수가 ‘올해의 아티스트’ 상을 받은 것은 이번이 처음이다.
이처럼 한국 문화콘텐츠가 세계적 인기를 얻게 된 배경에 대해서, 미국 는 한국이 해외 문화에 대해 갖고 있는 열린 자세가 큰 영향을 미쳤다고 평가했다. 새로운 것을 편견없이 습득하고 체화해서 대중이 좋아할 수 있는 콘텐츠로 개발해내는 것이 한국 콘텐츠 산업의 저력이라는 것이다.
문화콘텐츠 컬렉션은 관광·공간문화·음악·패션·문화재·게임 등 각종 문화콘텐츠 관련 웹사이트, 웹자료, 관련 보도자료등으로 구성되어 있다.
<출처>
한국콘텐츠진흥원(https://www.kocca.kr/cop/bbs/view/B0158950/1845713.do)
문화체육관광부 해외문화홍보원(https://www.kocis.go.kr/koreanet/view.do?seq=1040417)",">
한국콘텐츠진흥원(https://www.kocca.kr/cop/bbs/view/B0158950/1845713.do)
문화체육관광부 해외문화홍보원(https://www.kocis.go.kr/koreanet/view.do?seq=1040417)"
기후변화,2020-08-01,2020-08-31,2022-05-01,자연과학,지학,311,347,16,7,"기후변화를 이해하기 위해서는 우선 기후에 대한 이해가 필요하다. ‘날씨’는 매일 우리가 경험하는 기온, 바람, 비 등의 대기 상태를 말하며, ‘기후’는 수십 년 동안 한 지역의 날씨를 평균화한 것이다. ‘기후변화’는 지구온도 상승, 해수면 상승, 이상기후 현상 빈발 등 수십 년 또는 그 이상 지속되는 통계적으로 중요한 기후의 변동을 의미한다.
산업혁명을 거치면서 석탄, 석유 등 화석연료의 사용과 산림 파괴 등 인간의 여러 활동에 기인하여 지구 대기 중 온실가스 농도가 증가하였으며, 지구의 지표온도가 과도하게 증가되어 지구온난화라는 현상을 초래하게 되었다. ‘기후변화에 관한 정부간협의체’(IPCC) 과학자들은 20세기 지구온난화는 인간의 활동에 의한 온실 가스의 대기 중 농도증가가 그 주된 원인임을 규명하였다.
기후변화는 환경, 사회, 경제적으로 우리들의 삶에 매우 큰 영향을 미치고 있다. 폭염, 폭우, 내륙과 연안지역의 범람, 산사태, 대기오염, 가뭄과 물 부족, 해수면 상승 및 폭풍 해일 등을 통해 도시 지역의 주민, 자산, 경제 및 생태계에 위험을 초래하고 있다.
급속한 기온상승으로 집중호우 및 태풍이 빈번하게 발생하여 막대한 인명 및 재산상의 피해를 주고 있으며, 대기 내 광화학적 반응을 촉진하여 오존농도가 증가하는 등 대기오염을 심화시켜 생태계의 변화에 따른 국민생활행태 변화 및 인간 건강에도 영향을 미치고 있다.
<출처>
기후변화센터
(http://www.climatechangecenter.kr/)
국가기후변화적응정보포털
(https://kaccc.kei.re.kr/portal/)
기상청 기후정보포털
(http://www.climate.go.kr/home/index.php)",">
기후변화센터
(http://www.climatechangecenter.kr/)
국가기후변화적응정보포털
(https://kaccc.kei.re.kr/portal/)
기상청 기후정보포털
(http://www.climate.go.kr/home/index.php)"
누리호,2020-07-21,2020-09-08,2022-02-26,기술과학,기계공학,38,0,0,0,"1957년 소련(지금의 러시아)은 인류 최초의 인공위성인 스푸트니크 1호 발사에 성공했고, 뒤를 이어 미국이 1958년에 익스플로러 1호를 띄워 올렸다. 이후로 세계 각국은 과학 연구 목적의 인공위성, 방송과 통신용 인공위성, 기상 관측용 인공위성, 감시용의 군사 첩보 인공위성 등 다양한 쓰임새의 인공위성을 쏘아 올렸다.
우리나라는 1992년 8월 11일 대한민국 최초의 인공위성 우리별 1호를 발사하며, 우주개발의 신호탄을 올렸다. 2009년 6월 30일에는 나로우주센터를 준공하여 세계 13번째 우주센터 보유국가가 되었으며, 2010년 6월 27일 천리안 위성을 쏘아올리며 세계 10번째 정지궤도 통신위성 자체개발 국가가 되었다.
2020년은 우리나라의 우주개발 역사에 중요한 한 해였다. 2020년 7월 21일에는 스페이스X를 통해 아나시스 2호를 발사함으로써 군사전용 통신위성 보유국이 되었다. 당해 7월 28일에는 ‘한미 미사일 지침’이 개정되며 우주발사체에 대한 고체연료 사용 제한이 완전히 해제됐다. 이로써 다양한 형태의 로켓 개발과 생산이 가능해졌다. 우주개발 산업이 한 단계 도약할 전기를 마련하게 된 것이다. 자연스럽게 우주산업에 대한 대중의 관심도 커졌다. 그리고 2021년 10월, 11년의 개발기간을 거친 한국형발사체 누리호의 시험발사가 진행됐다.
한국형발사체 개발 프로젝트는 천리안 위성을 쏘아올린 2010년에 시작했다. 한국형발사체란 한국에서 자체적으로 설계, 제작, 발사, 운용 등 모든 과정을 진행하는 발사체 및 플랫폼 기술을 아우르는 명칭이다. 2010년 3월 첫발을 뗀 한국형발사체는 2018년 4월부터 본격적으로 비행모델이 제작되었고, 2021년 8월 1차 시험발사체(TLV)의 초종 조립이 완성되었다. 이 시험발사체는 누리호의 주 엔진인 75톤급 액체엔진 성능을 실제 비행을 통해 확인하기 위해 제작된 것이다. 2018년 11월 28일 시행된 시험발사의 결과는 성공이었다. 우리나라가 중대형 액체로켓엔진 기술을 보유한 세계 7번째 나라로 발돋움하는 순간이었다.
누리호의 1차 시험 발사는 2021년 10월 21일 시행되었다. 원래 발사 예정 시각이었던 오후 4시에서 기상 상황에 따라 1시간 지연된 오후 5시 정각 발사되어, 1단 엔진이 고도 59km에서 성공적으로 분리되었고, 고도 191km에서 페어링 분리에 성공했으며, 고도 258km에서 2단 엔진이 분리되었다. 최종 고도 700km에서 위성 모사체 분리에도 성공했으나 3단 엔진의 가동이 약 46초 조기에 종료되어 위성 모사체를 궤도에 안착시키는 임무는 실패, 절반의 성공에 머물렀다는 평가를 받았다.
2021년 12월 29일 과학기술정보통신부와 한국항공우주연구원은 위성 모사체를 정해진 궤도에 올리지 못한 이유가 3단 로켓 안의 헬륨 탱크가 액체 산소의 부력 상승을 견디지 못하고 고정장치에서 떨어져 나오면서 산화제 탱크를 파손하여 정상적인 엔진 연소 시간을 달성하지 못했기 때문이라고 밝혔다. 이에 따라 2022년 5월19일로 예정되었던 2차 시험발사 일정은 연기되었다.
누리호 컬렉션은 과학기술정보통신부·국립중앙과학관·한국항공우주원·한국과학기술정보연구원 등 관련 기관의 웹사이트 및 이미지·동영상·보도자료 등으로 구성되어 있다.
<출처>
다음백과(https://100.daum.net/encyclopedia/view/124XX57000009)
KAIST 인공위성연구소(http://satrec.kaist.ac.kr/02_08.php)
대한민국 정책브리핑
(https://www.korea.kr/news/policyNewsView.do?newsId=148875328)
정책주간지 공감
(http://gonggam.korea.kr/newsView.do?newsId=GAJSl3CkADGJM000)
한국항공우주연구원 한국형발사체누리호(https://www.kari.re.kr/nuri)",">
다음백과(https://100.daum.net/encyclopedia/view/124XX57000009)
KAIST 인공위성연구소(http://satrec.kaist.ac.kr/02_08.php)
대한민국 정책브리핑
(https://www.korea.kr/news/policyNewsView.do?newsId=148875328)
정책주간지 공감
(http://gonggam.korea.kr/newsView.do?newsId=GAJSl3CkADGJM000)
한국항공우주연구원 한국형발사체누리호(https://www.kari.re.kr/nuri)"
6·25전쟁 70주년,2020-06-25,2020-04-29,2020-10-10,역사,아시아,345,0,4,10,"1950년 6월 25일 새벽, 북한군이 기습적으로 불법 남침을 감행하면서 6·25전쟁이 시작됐다. 6·25전쟁은 국군과 유엔군을 포함해 수많은 사람들의 목숨을 빼앗아갔고, 한반도의 전 국토를 폐허로 만들어 버렸다. 100년이 지나도 재건이 불가능하다고 여겨졌지만 한국인은 잿더미로 변한 불모의 땅에서 한강의 기적을 이뤄냈다. 유엔참전국 군인들이 3년간 한국 땅에서 보여준 희생은 헛되지 않았으며, 오늘날의 대한민국을 있게 한 밑거름이 됐다. 6·25전쟁에는 총 317만 명(국군 127만 명, 미국 등 유엔군 190만 명)이 참전했고 이들의 평균 연령은 88세에 달한다. 6·25전쟁 70주년은 국내외 참전용사가 참여할 수 있는 마지막 10년 주기 행사라는 점에서 의미가 더 깊다. 이에 정부는 2019년 7월 25일 대통령 훈령으로 ‘6·25전쟁 70주년 사업추진위원회 규정’을 제정하고, 2020년 1월 국무총리 소속 6·25전쟁 70주년 사업추진위원회를 공식 출범하였다. 위원장은 민간위원장과 국무총리가 공동으로 맡았고, 문재인 대통령은 김은기 전 공군참모총장을 민간위원장으로 위촉했다.
<출처>
6·25전쟁 70주년 사업추진위원회 홈페이지(http://koreanwar70.go.kr/c/outline)",">
6·25전쟁 70주년 사업추진위원회 홈페이지(http://koreanwar70.go.kr/c/outline)"
체육계 폭력,2020-06-22,2020-06-22,2020-10-10,예술,"오락,스포츠",231,6,0,1,"2020년 6월 22일 故 최숙현 철인3종 선수가 폭력을 휘두른 가해자를 엄벌에 처해줄 것을 바라며 극단적 선택을 했다.
2019년 초, 조재범 빙상 코치의 폭력·성폭력 사건이 드러나며 체육계에서는 재발방지를 위한 다양한 방책을 내놓았다. 문화체육관광부에서는 스포츠혁신위원회를 출범시켜 7차례의 권고안을, 대한체육회에서는 체육시스템 혁신위원회를 통해 혁신과제안을 발표한 바 있다.
대한체육회는 ‘스포츠 폭력 추방 특별 조치방안’을 발표해 스포츠 인권이 올림픽 메달보다 중요한 가치임을 환기하고 스포츠 폭력을 완벽히 추방하기 위해 그간의 폭력에 대한 대응 방향을 근원적으로 전환, 가능한 한 모든 방법을 마련하고 이를 추진할 것이라고 밝혔다.
최숙현법은 감독과 팀닥터, 동료 선수들로부터 가혹행위 피해를 입다 스스로 목숨을 끊은 고(故) 최숙현 트라이애슬론 선수 사건을 계기로 마련된 '국민체육진흥법 일부개정법률안'으로 2020년 8월 4일 국회를 통과했다. 해당 법안은 기존 국민체육진흥법 개정안을 강화하는 것은 물론 ▷재발 방지를 위한 시책 및 피해자 보호 ▷성적중심주의 문화 개선을 위한 내용 등을 담고 있는데, 공포 6개월 후부터 시행된다.
<출처>
네이버 시사상식사전(https://terms.naver.com/entry.nhn?docId=6036667&cid=43667)
대한체육회 체육포털
(https://www.sportal.or.kr/info/webzineView.do?boardSeq=HSA0068425)",">
네이버 시사상식사전(https://terms.naver.com/entry.nhn?docId=6036667&cid=43667)
대한체육회 체육포털
(https://www.sportal.or.kr/info/webzineView.do?boardSeq=HSA0068425)"
5·18민주화운동 40주년,2020-05-18,2020-05-18,2020-10-10,역사,아시아,165,31,1,37,"5·18 민주화운동은 1980년 5월 18일부터 27일 새벽까지 열흘 동안, 전두환을 정점으로 한 당시 신군부 세력의 진압에 맞서 광주시민과 전남도민이 ‘비상계엄 철폐’, ‘유신세력 척결’등을 외치며 죽음을 무릅쓰고 민주주의 쟁취를 위해 항거한 역사적 사건이다. 항쟁 기간 중 22~26일 닷새 동안은 시민들의 자력으로 계엄군을 물리치고 광주를 해방구로 만들어 세계사에서 그 유래가 드문 자치공동체를 실현하기도 했다. 계엄군에 의해 진압당한 이후 5·18민주화운동은 한때 ‘북한의 사주에 의한 폭동’으로 매도당하기도 했으나 진상규명을 위한 끈질긴 투쟁으로 1996년에는 국가가 기념하는 민주화운동으로, 2001년에는 관련 피해자가 민주화 유공자로, 5·18 묘지가 국립5·18 묘지로 승격되어 그 명예를 온전히 회복하였다. 2020년은 5·18 민주화운동 40주년이 되는 해로, 각지에서 그 의미를 되새기는 행사와 공연을 벌였다.
<출처>
518기념재단 홈페이지(http://www.518.org/nsub.php?PID=0101)
518민주화운동기록관 홈페이지(http://www.518archives.go.kr/)",">
518기념재단 홈페이지(http://www.518.org/nsub.php?PID=0101)
518민주화운동기록관 홈페이지(http://www.518archives.go.kr/)"
부동산 정책,2020-05-06,2020-07-02,2020-10-10,사회과학,경제학,"1,187",338,0,191,"정부에서 안정적인 주택시장을 만들기 위해 제시한 부동산 관련 모든 정책을 말한다. 집값이 지나치게 오르거나 내리는 경우를 방지하고, 전체적인 주택 물량 공급을 안정적으로 가져가는데 그 목표가 있다.
문재인 정부는 2017년 출범 당시 100대 국정과제에서 포용적 복지국가를 위해 ‘서민이 안심하고 사는 주거 환경 조성’과 ‘청년과 신혼부부 주거 부담 경감’을 발표했다. 이를 위한 실천 목표로는 △공공임대주택의 공급과 운영·관리 개선 △임대주택 등록 활성화 △신혼부부 주거비용 지원 △청년 임대주택 공급 등 세부 부동산 정책을 추진하겠다는 계획을 밝혔다.
문재인 정부 부동산 정책의 핵심기조는 ‘주택 공공성 강화’다. 즉 정부의 주택 정책은 경기부양이나 경기조절의 수단이 아니라 ‘서민 주거안정 및 실수요자를 보호’하기 위한 정책임을 확고한 원칙으로 내세웠다. 2017년 6월부터 2020년 8월까지 발표한 주택정책 내용은 크게 투기수요를 근절하고 가격안정을 위한 제도-금융-세제 개편 △실수요자 보호, 서민의 주택 부담경감을 위한 제도-금융-맞춤형 공급대책 △주택공급정책 으로 나눌 수 있다.
문재인 정부 뿐 아니라, 대통령직선제 이후 각 정권이 추진한 부동산 정책을 금융정책, 세제정책, 주택공급정책, 통계를 통해 제공한다.
<출처>
대한민국 정책브리핑 정책위키 부동산 정책
(http://www.korea.kr/special/policyCurationView.do?newsId=148865571)
다음백과(https://100.daum.net/encyclopedia/view/24XXXXX90504)",">
대한민국 정책브리핑 정책위키 부동산 정책
(http://www.korea.kr/special/policyCurationView.do?newsId=148865571)
다음백과(https://100.daum.net/encyclopedia/view/24XXXXX90504)"
디지털 성범죄,2020-04-23,2020-07-09,2020-10-10,사회과학,"사회학,사회문제",281,26,29,11,"디지털 기기와 정보통신기술을 매개로 온·오프라인 상에서 발생하는 성 인지(젠더) 기반 폭력이다. 동의 없이 상대의 신체를 촬영하거나 유포·유포협박·저장·전시하는 행위와 사이버 공간에서 타인의 성적 자율권과 인격권을 침해하는 행위를 모두 포괄한다. 현재 범죄로 규정되는 디지털 성폭력은 성적 목적을 위한 불법 촬영, 성적 촬영을 비동의 유포, 통신매체를 이용한 음란행위 등이 있다.
2018년 하반기부터 2020년 3월까지 n번방, 박사방 등 텔레그램 메신저 앱을 통한 디지털 성범죄 사건이 대대적으로 밝혀져 큰 파문이 일었다.
정부는 디지털 성범죄 근절대책(2020.4.23. / 관계부처 합동)으로 ‘가해자에 대한 처벌은 무겁게, 피해자 보호는 확실하게 한다’는 원칙 아래, ①디지털 성범죄에 대한 무관용 원칙 확립 ②아동ㆍ청소년에 대한 보호강화 ③처벌 및 보호의 사각지대 해소 ④중대 범죄라는 사회적 인식 확산을 4대 추진전략으로 설정하고 4대 분야에서 17개 중과제 및 41개 세부과제를 마련했다.
디지털성범죄물에 대한 강력한 처벌과 인터넷 사업자의 의무강화가 필요하다는 사회적 합의에 따라 ▷성폭력범죄의 처벌 등에 관한 특례법 개정안 ▷형법 개정안 ▷범죄수익은닉의 규제 및 처벌 등에 관한 법률 개정안 ▷정보통신망 이용촉진 및 정보보호 등에 관한 법률(정보통신망법) 개정안 ▷전기통신사업법 개정안은 성착취물 등 온라인 성범죄에 대한 처벌 범위를 대폭 확대하고, 처벌 수위도 상향하는 내용을 담고있는 이른바 ‘n번방 방지법’이 2020년 4월 29일과 5월 20일 국회를 통과했다.
<출처>
대한민국 정책브리핑 정책위키 디지털 성범죄 (http://www.korea.kr/special/policyCurationView.do?newsId=148853543)
네이버 시사상식사전
(https://terms.naver.com/entry.nhn?docId=5955981&cid=43667&categoryId=43667)",">
대한민국 정책브리핑 정책위키 디지털 성범죄 (http://www.korea.kr/special/policyCurationView.do?newsId=148853543)
네이버 시사상식사전
(https://terms.naver.com/entry.nhn?docId=5955981&cid=43667&categoryId=43667)"
제21대 국회의원 선거(4·15 총선),2020-04-15,2020-09-10,2020-10-10,사회과학,정치학,329,50,0,21,"임기가 2020년 5월 30일부터 2024년 5월 29일까지인 제21대 국회의원을 선출하는 4·15총선이 2020년 4월 15일 수요일에 실시되었다. 코로나바이러스감염증-19 유행 속에서 치러진 4·15총선은 만18세 이상의 유권자가 참여한 첫 선거이자 준연동형 비례대표제가 적용되는 첫 선거였으며, 감염병으로 인한 재외선거 난행으로 선거권 침해 논란이 일기도 하였다.
전국투표율은 66.2%로 유권자수 43,994,247명 중 29,127,637명이 투표하였으며, 이는 1992년 실시된 제14대 국회의원 선거 이후 28년 만에 최고치에 달했다. 직전 제20대 국회의원 선거의 투표율보다 8.2% 높은 수치였다. 지역별로는 울산이 68.6%로 가장 높았고, 충남이 62.4%로 가장 낮았다.
정당별 획득 의석수는, 더불어민주당 163석, 미래통합당 84석, 미래한국당 19석, 더불어시민당 17석, 정의당 6석, 국민의당 3석, 열린민주당 3석, 무소속 5석이었다. 더불어민주당과 더불어민주당의 위성비례정당인 더불어시민당이 총 180석을 차지하여 압승을 거두었다. 이로써 민주당은 2004년 17대 총선 때 열린우리당 이래 16년 만에 과반 1당은 물론 1987년 개헌 이후 전체 의석의 5분의 3(180석)을 넘어서는 첫 단일 정당이 됐다. 반면 미래통합당과 비례정당인 미래한국당은 개헌저지선인 101석보다 2석 많은 103석을 확보하는 데 그쳤다.
<출처>
중앙선거관리위원회 홈페이지(http://info.nec.go.kr/)
KBS 선거특집사이트(http://news.kbs.co.kr/special/election2020/main.do#1)
SBS 선거특집사이트(https://news.sbs.co.kr/vote2020/main.do)
MBC 선거특집사이트(https://imnews.imbc.com/issue/vote2020/elect/pc/index.html)
네이버 시사상식사전
(https://terms.naver.com/entry.nhn?docId=5939887&cid=43667&categoryId=43667)",">
중앙선거관리위원회 홈페이지(http://info.nec.go.kr/)
KBS 선거특집사이트(http://news.kbs.co.kr/special/election2020/main.do#1)
SBS 선거특집사이트(https://news.sbs.co.kr/vote2020/main.do)
MBC 선거특집사이트(https://imnews.imbc.com/issue/vote2020/elect/pc/index.html)
네이버 시사상식사전
(https://terms.naver.com/entry.nhn?docId=5939887&cid=43667&categoryId=43667)"
"지소미아(GSOMIA, 한일 군사정보보호협정)",2019-08-22,2019-08-23,2019-12-31,사회과학,정치학,540,3,2,0,"지소미아는 2016년 11월 23일에 체결된 대한민국과 일본간의 군사협정으로 정식명칭은 ‘한일 군사정보포괄보호협정’이다. 이 협정은 군사정보 제공과 보호, 이용 등을 규정하며, 해방 및 대한민국 정부 수립 이후 한일 양국이 맺은 첫 번째 군사협정이다. 2012년 이명박 정부에서 처음 협정을 시도하였으나 거센 반대로 인하여 협정은 유보되었다. 이후 2016년 박근혜 정부 말기에 다시 협상이 시작되어 큰 반대에도 불구하고 협정이 체결되었다. 한편 문재인 정부에서는 본협정을 계속 이어나갔으나 2019년 7월 일본의 수출통제 국면을 맞아 2019년 8월 22일 국익에 실효성이 없다고 판단하여 지소미아 종료가 결정되었으나, 발효일인 11월 22일, 일본과의 협상 유지기간 동안의 종료 효력 유예를 결정했다.
<출처>
청와대 홈페이지 (http://www.president.go.kr/)
외교부 홈페이지 (http://www.mofa.go.kr/www/index.do)
다음백과 (https://100.daum.net)",">
청와대 홈페이지 (http://www.president.go.kr/)
외교부 홈페이지 (http://www.mofa.go.kr/www/index.do)
다음백과 (https://100.daum.net)"
2019 광주세계수영선수권대회,2019-07-12,2019-06-20,2019-07-31,예술,"오락,스포츠",275,10,10,17,"2019 광주 세계수영선수권대회가 7월 12일부터 7월 28일까지 개최되었다. 남부대학교, 조선대학교의 시설과 염주 종합체육관, 여수엑스포 해양공원의 시설을 이용하여 대회가 개최되었고, 경영, 다이빙, 수구, 아티스틱 수영, 오픈워터 수영, 하이다이빙의 6개 종목으로 17일간 치러졌다. 경기결과 중국이 금메달 16개, 은메달 11개, 동메달 3개로 종합 1위를 차지했으며, 미국과 러시아가 그 뒤를 이었다. 한국은 동메달 1개를 거두며 23위의 성적으로 대회를 마쳤다.
<출처>
2019 광주 FINA 세계수영선수권대회 홈페이지 (https://www.gwangju2019.com/)",">
2019 광주 FINA 세계수영선수권대회 홈페이지 (https://www.gwangju2019.com/)"
2019 한일무역분쟁,2019-07-01,2019-07-15,2019-08-09,사회과학,경제학,368,3,12,66,"2019년 대한민국과 일본의 외교적 마찰이 커지자, 일본이 대한민국에 단행한 공업 소재 수출 규제 조치로 인해 이른바 한일무역분쟁이 발생하였다. 2019년 일제 강제징용 손해배상 사건 배상 판결 및 해당기업 자산 압류 및 매각 명령에 따른 경제제재 조치로 풀이되고 있다. 2019년 7월 1일 일본이 반도체 및 디스플레이 제조 핵심 소재의 수출을 제한하기로 발표하면서 경제제재에 돌입하였다. 추가로 일본 정부는 7월 24일 한국에 대한 무역 백색국가 제외 조치를 시행하겠다고 통보하였고, 결국 8월2일 백색국가에서 제외하기로 결정하였다. 이에 따라 경제에 상당한 타격이 있을 것으로 예상되었으나, 기업들은 빠르게 국산화, 수입처 다변화 등을 시행하였고, 국민들이 자발적으로 시작한 일본 불매운동이 펼쳐지고 있다.
<출처>
대법원 홈페이지 (https://www.scourt.go.kr/supreme/supreme.jsp)
청와대 홈페이지 (http://www.president.go.kr/)
외교부 홈페이지 (http://www.mofa.go.kr/www/index.do)",">
대법원 홈페이지 (https://www.scourt.go.kr/supreme/supreme.jsp)
청와대 홈페이지 (http://www.president.go.kr/)
외교부 홈페이지 (http://www.mofa.go.kr/www/index.do)"
2019 남북미정상회담,2019-06-30,2019-07-04,2019-08-29,사회과학,정치학,546,1,13,104,"2019 G20 오사카 정상회의 직후 2019년 6월 30일 판문점 평화의 집에서 한국과 북한, 미국 정상 간의 만남이 있었다. 이 회담은 서울에서 진행된 한미정상회담을 위한 도널드 트럼프 미합중국 대통령의 방한 일정 중 성사되었다. 문재인 대통령, 김정은 국무위원장, 도널드 트럼프 대통령이 참석하였다. 갑작스럽게 이루어진 회담이었기 때문에 구체적인 합의가 도출되지는 않았지만, 북미 정상이 1시간 가까이 단독회담을 가졌다. 회담 이후 미국은 2~3주 내에 실무 협상을 준비한 후 실무 전담팀을 북한에 파견하기로 결정했다. 트럼프 대통령은 속도가 중요하지 않고 포괄적 합의가 중요하다고 밝혔다. 이와 별도로 트럼프 대통령과 김정은이 각각 서로를 백악관과 평양에 초청하였다.
<출처>
청와대 홈페이지 (http://www.president.go.kr/)
외교부 홈페이지 (http://www.mofa.go.kr/)",">
청와대 홈페이지 (http://www.president.go.kr/)
외교부 홈페이지 (http://www.mofa.go.kr/)"
2019 FIFA U-20 월드컵,2019-05-23,2019-06-19,2019-07-02,예술,"오락,스포츠",199,1,6,82,"2019 FIFA U-20 월드컵이 2019년 5월 23일부터 6월 15일까지 폴란드에서 개최되었다. 24개국이 조별리그 6개조로 나뉘어 6개 도시 7개 경기장에서 맞붙어 상위 2개 팀과 조 3위 팀들 중 승점 상위 4개팀이 16강에 진출하고, 여기서부터 토너먼트를 진행해 우승팀을 가렸다. 폴란드 중부도시 우치의 스타디온 비데바에서 열린 결승전에서 우크라이나가 한국을 꺾고 우승을 차지했다. 최우수 선수를 지칭하는 골든볼은 대한민국의 이강인, 골키퍼에게 주어지는 골든 글러브는 7경기 4실점에 그친 우크라이나의 안드리 루닌에게 돌아갔다. 조별리그 F조에 배정된 대한민국은 아르헨티나, 포르투갈 등 강팀들이 배정된 F조에서 2승 1패 승점 6, 3득점 2실점으로 2위를 차지해 16강에 진출하고, 이어지는 경기들에서 좋은 모습을 보이며 이번 대회 처음으로 결승까지 진출했으나, 결승전에서 우크라이나에 패배하여 준우승의 성적을 거두었다.
<출처>
FIFA U-20 월드컵 홈페이지 (https://www.fifa.com/u20worldcup/)
대한축구협회 U-20 국가대표팀 홈페이지(https://www.kfa.or.kr/national/?act=mu_20)",">
FIFA U-20 월드컵 홈페이지 (https://www.fifa.com/u20worldcup/)
대한축구협회 U-20 국가대표팀 홈페이지(https://www.kfa.or.kr/national/?act=mu_20)"
한국영화,2019-05-21,2019-05-29,2019-08-26,예술,"공연예술,매체예술",230,0,8,66,"1919년 10월 27일, 우리나라 최초의 상설 영화관인 단성사에서 우리 자본으로 제작된 최초의 연쇄극 <의리적 구토>가 처음 상영되었다. 이를 기념하여 1962년 10월 27일이 ‘영화의 날’로 제정되었으며, 2019년은 그로부터 100년을 맞이하는 뜻깊은 해이다. 한편 이를 축하라도 하듯 봉준호 감독의 영화 <기생충>이 2019년 5월 21일 72회 칸 영화제에서 한국영화 최초로 황금종려상을 수상하였다. 이렇게 뜻깊은 해를 맞아 한국영화와 영화인 그리고 관련 단체들을 재조명해본다.
<출처>
한국영화진흥위원회 홈페이지 (https://www.kofic.or.kr/kofic/)
한국영화 100년 기념사업 홈페이지(https://www.kofic.or.kr/koreanfilm100years/#/committee/592)",">
한국영화진흥위원회 홈페이지 (https://www.kofic.or.kr/kofic/)
한국영화 100년 기념사업 홈페이지(https://www.kofic.or.kr/koreanfilm100years/#/committee/592)"
3.1운동 및 임시정부100주년 기념,2019-03-01,2019-07-26,2019-08-09,역사,아시아,428,4,26,"1,716","1919년 1차 세계대전의 전후 처리를 위한 파리 강화회의가 개막되고 그 사흘 후 고종 황제가 급사하여 국내외 정세가 격변하였다. 이때를 맞아 한국인의 독립 의지를 세계에 알리고자 하는 움직임이 일어났고 도쿄 유학생들의 ‘2.8 독립선언서’ 발표도 있었다. 국내에서는 종교계와 학생들이 독립선언을 준비했고, 1919년 3월 1일 서울을 비롯한 전국 각지에서 독립선언식과 만세시위가 일어났으며, 이러한 3.1운동을 계기로 1919년 9월 11일 대한민국 임시정부가 구성되었다. 이와 같이 3.1운동은 대한민국 임시정부 수립의 계기가 되었을 뿐만 아니라, 대한민국의 정통성이 3.1 운동에 있음을 헌법에도 명시하고 있을 만큼 20세기 한국사는 물론 세계사에서도 중요한 사건으로 평가되고 있다. 2019년은 3.1운동과 대한민국 임시정부 수립 100주년을 맞이하게 되었다.

<출처>
3.1운동 및 임시정부 100주년 위원회 홈페이지 (https://www.together100.go.kr/)",">
3.1운동 및 임시정부 100주년 위원회 홈페이지 (https://www.together100.go.kr/)"
2019 북미정상회담,2019-02-27,2019-07-02,2019-07-10,사회과학,정치학,95,2,31,75,"2019년 2월 27일부터 28일까지 베트남 하노이에서 도널드 트럼프 미국 대통령과 김정은 북한 국무위원회 위원장 간의 정상회담이 개최되었다. 제1차 정상회담 이후로 260일 만에 열린 회담이다. 도널드 트럼프 대통령과 김정은 위원장은 하노이 소피텔 레전드 메트로폴 호텔에서 만났다. 그러나 회담 2일째의 업무 오찬이 돌연 취소됐고, 곧이어 뜻밖에도 회담 결렬이 선언되었다. 최종합의에서 북한은 영변 비핵화를 조건으로 한 대북제재 완전 해제를 제안하였으나, 미국은 영변 외 지역의 다른 핵시설까지도 완전히 비핵화할 것을 조건으로 제시하였다. 선언문은 준비되어 있었으나, 두 의견이 상충하면서 채택이 결렬되었다.
<출처>
청와대 홈페이지 (http://www.president.go.kr/)
외교부 홈페이지 (http://www.mofa.go.kr/www/wpge/m_3972/contents.do)",">
청와대 홈페이지 (http://www.president.go.kr/)
외교부 홈페이지 (http://www.mofa.go.kr/www/wpge/m_3972/contents.do)"
전통 재래시장,2019-01-01,2019-08-20,2019-08-24,사회과학,경제학,72,0,0,0,"전통 재래시장은 소상인들이 모여서 갖가지 물건을 직접 판매하는 전통적 구조의 시장을 말한다. 조선시대부터 내려온 3일장, 5일장 같이 사람들이 모여서 열리는 정기시장과 소상인들의 연합체 구조를 갖춘 상설시장이 주류를 이루고 있다. 그러나 2000년대 들어 유통구조와 대중들의 소비 문화가 변화하면서 전통적 방식의 재래시장은 위기를 맞았고 시설 현대화, 시장조합 활성화와 같은 개선과 변화를 추구하고 있다. 위기탈출을 위해 노력하는 전통 재래시장들의 현 주소를 남기고자 한다.

<출처>
전통시장 통통(http://www.sbiz.or.kr/sijangtong/nation.do)",">
전통시장 통통(http://www.sbiz.or.kr/sijangtong/nation.do)"
한국 추천여행지,2019-01-01,2019-08-23,2019-09-03,역사,지리,"3,701",0,0,0,"한국의 관광산업은 1970년대에 관광 인프라를 확충해나갔고, 1980년대 들어 3저 호황과 함께 국민 소득수준 상승에 따라 크게 수요가 늘며 성장하였다. 1990년대를 지나면서 아름답고 이국적인 해외여행을 선호하는 사람들도 많아졌지만, 국내 관광도 해외 못지않게 아름답고 특이하며 볼만한 곳이 많다. 그러나 막상 국내 여행을 나서려면 익히 예전부터 들어왔던 유명한 장소들 외에는 크게 와닿는 곳이 없는 것도 사실이다. 따라서 가려져 있던 한국의 많은 관광지와 여행지, 그리고 행사 등을 소개한다.
<출처>
대한민국 구석구석(korean.visitkorea.or.kr/main/main.do)",">
대한민국 구석구석(korean.visitkorea.or.kr/main/main.do)"
2018 한미정상회담,2018-09-25,2018-09-28,2018-10-02,사회과학,정치학,141,1,4,9,"2018년 9월 25일 문재인 대통령은 미국 뉴욕을 방문하여 도널드 트럼프 미국 대통령과 한미정상회담을 개최하였다. 두 정상은 대북제재를 계속하면서도 종전선언, 한반도의 완전 비핵화와 항구적 평화 정착을 위한 공조 방안을 모색하기로 협의하였다. 청와대에 따르면 문재인 대통령은 김정은 북한 국무위원장의 비핵화 의지를 전달하였고, 트럼프 대통령은 회담 결과를 환영하며 김 위원장의 비핵화 의지 재확인을 높이 평가하였다. 2차 북미정상회담 개최에 합의하면서 교착 상태에 빠졌던 북미 관계가 타협점을 찾을 것으로 전망된다. 두 정상은 한·미 FTA에 관한 정상 공동성명을 발표하였으며, 방위비 분담금 등의 문제에 관해서도 심도 있는 대화를 나누었다.
<출처>
청와대 홈페이지 (http://www.president.go.kr/)
외교부 홈페이지 (http://www.mofa.go.kr/)",">
청와대 홈페이지 (http://www.president.go.kr/)
외교부 홈페이지 (http://www.mofa.go.kr/)"
2018 남북정상회담 평양,2018-09-18,2018-09-17,2018-09-27,사회과학,정치학,673,5,2,54,"2018 남북정상회담 평양은 2018년 9월 18일부터 9월 20일까지 평양에서 개최되었다. 4월 27일 정상회담에서 문재인 대통령이 평양을 방문하기로 합의하였고, 구체적 일정이 남북고위급회담에서 확정되었다. 문재인 대통령과 김정은 국무위원장은 ‘판문점선언’의 이행 성과를 평가하고, 남북관계 지속 및 발전을 위해 ‘9월 평양공동선언’을 발표하였다. 선언문에서 두 정상은 비무장지대 등 대치지역에서 군사적 적대관계를 종식시키고, 동·서해선 철도 및 도로 연결과 개성공단 및 금강산관광사업 복구 등 경제 협력을 증대시키며, 문화예술분야 교류를 증진시키는 등의 내용에 합의하였다. 북측은 동창리 엔진시험장과 미사일 발사대를 각국 전문가들의 참관 하에 영구적으로 폐기하고, 6·12 북미공동성명에 따라 영변 핵 시설 영구 폐기 등 추가적 조치를 취해나갈 용의를 표명하였다. 남측은 이러한 한반도 비핵화 과정에 긴밀히 협력하기로 하였다. 김정은 국무위원장은 문재인 대통령의 초청에 따라 가까운 시일 내에 서울을 방문하기로 하였다.

<출처>
2018 남북정상회담 평양 ‘평화, 새로운 미래’ 홈페이지 (https://www.koreasummit.kr/)
통일부 남북회담본부 (https://dialogue.unikorea.go.kr/ukd/main/userMain/main.do)",">
2018 남북정상회담 평양 ‘평화, 새로운 미래’ 홈페이지 (https://www.koreasummit.kr/)
통일부 남북회담본부 (https://dialogue.unikorea.go.kr/ukd/main/userMain/main.do)"
제21차 이산가족 상봉,2018-08-20,2018-08-22,2018-08-29,사회과학,정치학,349,6,6,23,"제21차 이산가족상봉행사가 2018년 8월 20일부터 8월 22일까지 금강산에서 열렸다. 이번에 열리는 이산가족상봉행사는 2015년 10월 이후 2년 10개월 만이다. 이산가족들은 첫 날 저녁 북측에서 주최하는 환영만찬에 참석한 뒤, 다음 날 오전 3시간 동안 개별상봉, 오후 2시간 동안 단체상봉으로 가족과 함꼐 시간을 보냈다. 마지막 날인 22일에는 작별상봉 및 공동식사가 진행되었다. 남북은 인도적 민간 교류를 활성화하고 빠른 시일 내에 금강산 이산가족 상설면회소를 개설하는 데 합의하였다.

<출처>
통일부 공식 홈페이지 (https://www.unikorea.go.kr/unikorea/)
남북이산가족협회 홈페이지 (http://www.xn--o39a81g6vnf9coqlppbvz2ce2a.com/main)
남북이산가족찾기 이산가족정보통합시스템
(https://reunion.unikorea.go.kr/reuni/home/cms/page/reunion/view.do?mid=REUNION)",">
통일부 공식 홈페이지 (https://www.unikorea.go.kr/unikorea/)
남북이산가족협회 홈페이지 (http://www.xn--o39a81g6vnf9coqlppbvz2ce2a.com/main)
남북이산가족찾기 이산가족정보통합시스템
(https://reunion.unikorea.go.kr/reuni/home/cms/page/reunion/view.do?mid=REUNION)"
제18회 자카르타·팔렘방 아시안게임,2018-08-18,2018-08-17,2018-09-03,예술,"오락,스포츠","1,000",5,14,82,"제18회 아시안게임은 2018년 8월 18일부터 9월 2일까지 인도네시아 자카르타와 팔렘방에서 개최되었다. 아시아 45개국에서 11,300여명의 선수단이 출전하였으며, 40개 종목에서 465개의 메달이 시상되었다. e스포츠가 최초로 시범종목으로 진행되어 ‘리그 오브 레전드’ 등 6개 세부종목의 경기가 열렸다. 한국은 39개 종목에 1044명의 선수단을 파견했으며, 카누 드래곤보트·조정·여자농구 등 3개 종목에서 남북단일팀을 결성해 출전하였다. 중국이 금메달 132개 등 도합 289개의 메달을 획득해 종합 1위에 올랐고, 한국은 금메달 49개 등 도합 177개의 메달을 획득해 일본에 이어 3위를 기록했다.

<출처>
2018 아시안게임 조직위 홈페이지 (https://www.asiangames2018.id/)
대한민국 정책브리핑 (http://www.korea.kr/policy/cultureView.do?newsId=148853224)",">
2018 아시안게임 조직위 홈페이지 (https://www.asiangames2018.id/)
대한민국 정책브리핑 (http://www.korea.kr/policy/cultureView.do?newsId=148853224)"
BMW 주행 중 화재,2018-08-16,2018-08-31,2018-09-10,기술과학,기계공학,460,13,9,43,"BMW 차량의 화재가 2018년 들어 8개월 동안 25대나 발생하자 BMW 측이 자발적 리콜을 결정했다. BMW는 자사의 520d 모델 차량에서 배기가스 재순환장치(EGR)에서 흐르는 냉각수가 새어 엔진 과열을 유발하고 이로 인해 화재가 발생할 수 있다는 자체 조사 결과를 국토교통부에 보고하였다. 국토교통부는 8월 16일자로 긴급안전진단을 받지 않은 BMW 리콜 대상 차량에 대해 점검 및 운행정지 명령을 발동할 것을 각 시·도에 요청하였다. BMW 차량의 화재 발생이 잦아지자 차주들이 BMW 사측에 집단으로 소송을 제기하는가 하면, 아파트나 지하주차장 등에서 BMW 차량의 주차를 거부하거나 통제하는 일이 있기도 하였다.

<출처>
국토교통부 홈페이지 (http://molit.go.kr/)
BMW 코리아 홈페이지 (https://www.bmw.co.kr/ko/index.html)",">
국토교통부 홈페이지 (http://molit.go.kr/)
BMW 코리아 홈페이지 (https://www.bmw.co.kr/ko/index.html)"
2019년 최저임금 인상,2018-07-26,2018-08-17,2018-08-21,사회과학,경제학,298,33,5,13,"2018년 7월 14일 최저임금위원회에서 2019년 최저임금이 8,350원으로 결정되었다. 2018년의 7,530원에서 10.9% 증가한 수치로, 한 달을 일할 경우 최소 월급은 1,745,150원이다. 당초 노동계는 2019년 최저임금으로 1만 790원, 경영계는 7,530원 동결을 요구했다. 노동계는 최저임금 산입범위 확대와 문재인 대통령의 최저임금 1만원 공약 달성 필요를 이유로 들었고, 경영계는 중소기업과 소상공인의 부담 완화 필요를 이유로 들었다. 사용자위원 없이 진행된 제15차 전원회의에서 노동자위원 측은 8,680원, 공익위원 측은 8,350원을 최종적으로 제시했고 공익위원 안이 가결되었다. 최저임금 결정 직후 소상공인연합회·중소기업중앙회 등의 경제 단체에서는 정당성이 없는 결정이며 일자리 감소와 양극화 심화가 예상된다는 우려를 표명하였고, 한국노총·민주노총·참여연대 등 노동 및 시민단체에서는 기대에 못 미친 상승 폭이라는 유감의 뜻을 밝혔다.

<출처>
최저임금위원회 홈페이지 (http://www.minimumwage.go.kr/)",">
최저임금위원회 홈페이지 (http://www.minimumwage.go.kr/)"
문화자원,2018-07-23,2018-07-23,2018-07-27,역사,아시아,220,5,1,25,"문화자원이란 원래 고고문화재에 한정적으로 사용되는 단어였으나 요즘은 문화재 일반, 나아가 문화시설, 문화콘텐츠 등을 지칭하기도 하는 말로 쓰이고 있다. 문화자원은 유형·무형의 여러 요소로 특정 문화를 대표하거나 혹은 가치있는 것으로 평가되며 특정 문화에 대해 여러 정보를 담고 있다. 국보나 명승고적 외에도 극장, 공공도서관 등의 문화 관련 시설도 문화자원에 포함될 수 있으며, 음악·축제·공연·영화·만화·드라마 등 무형의 문화 관련 자산들 역시 문화자원의 일부에 속한다.

<출처>
문화체육관광부 홈페이지 (http://www.mcst.go.kr/main.jsp)
문화재청 홈페이지 (http://www.cha.go.kr/main.html)",">
문화체육관광부 홈페이지 (http://www.mcst.go.kr/main.jsp)
문화재청 홈페이지 (http://www.cha.go.kr/main.html)"
2018 FIFA 러시아 월드컵,2018-06-14,2018-06-22,2018-07-17,예술,"오락,스포츠",560,7,107,60,"2018년 FIFA 월드컵이 6월 14일부터 7월 15일까지 러시아에서 개최되었다. 본선에 참가한 32개국이 조별리그 8개조로 나뉘어 11개 도시 12개 경기장에서 맞붙어 상위 2개팀이 16강에 진출하고, 여기서 다시 결선 토너먼트를 진행해 우승팀을 가렸다. 모스크바 루즈니키 스타디움에서 열린 결승전에서 프랑스가 크로아티아를 4:2로 꺾고 20년 만에 우승을 차지했다. 최우수선수를 지칭하는 골든볼은 크로아티아의 주장 루카 모드리치, 득점왕을 지칭하는 골든부츠는 6골을 득점한 잉글랜드의 해리 케인이 수상하였다. 만 21세 이하 선수에게 주어지는 영플레이어상은 프랑스의 킬리안 음바페에게 돌아갔다. 조별리그 F조에 배정된 한국은 1승 2패 승점 3, 3득점 3실점으로 3위를 차지해 16강 진출에 실패했으나 카잔에서 세계랭킹 1위인 독일을 2-0으로 꺾는 이변을 연출했다.

<출처>
FIFA 홈페이지 (https://www.fifa.com/worldcup/)",">
FIFA 홈페이지 (https://www.fifa.com/worldcup/)"
6.13 지방선거,2018-06-13,2018-06-05,2018-06-15,사회과학,정치학,298,2,22,31,"지방자치단체장 및 지방의회 의원을 선출하는 제7회 전국동시지방선거가 2018년 6월 13일 수요일 실시되었다. 투표율은 60.2%로 선거인 34,184,788명 중 25,832,076명이 투표하였으며, 이는 제6회 지방선거(56.8%)보다 3.4% 높은 수치고 제1회 지방선거(68.4%) 이후 역대 두 번째로 높은 수치다. 서울시장에는 더불어민주당 박원순 후보가 3선에 성공했으며, 경기도에는 이재명 전 성남시장이 더불어민주당 후보로 나서 당선되었다. 여당인 더불어민주당은 광역단체장 9석 및 기초단체장 151석 등을 얻어 대승을 거둔 반면, 제1야당인 자유민주당은 광역단체장 2석과 기초단체장 53석 등을 얻는 데 그쳐 참패하였다.

<출처>
중앙선거관리위원회 선거통계시스템 (http://info.nec.go.kr/)",">
중앙선거관리위원회 선거통계시스템 (http://info.nec.go.kr/)"
2018 북미정상회담,2018-06-12,2018-06-05,2018-07-23,사회과학,정치학,669,4,118,18,"도날드 트럼프 미국 대통령과 김정은 북한 국무위원장이 2018년 6월 12일 싱가포르 센토사 섬에서 회담하였다. 2000년 빌 클린턴 미국 대통령과 김정일 국방위원장의 정상회담이 추진되었다가 무산된 이후로, 북한과 미국의 지도자가 만나 회담한 것은 사상 최초의 일이다. 당초 북미정상회담은 5월 24일 트럼프 대통령이 취소 의사를 밝히면서 무산되는 듯 했다. 그러나 김계관 북한 외무성 제1부상이 북한 당국은 여전히 북미대화에 의지가 있다는 내용의 담화문을 발표하고, 26일 남북정상회담에서 문재인 대통령이 판문점을 방문하여 북한이 비핵화를 이행하면 경제협력을 할 용의가 있다는 트럼프 대통령의 의사를 전달하며 다시 대화 분위기가 조성되었다. 두 정상은 6월 12일 만나 한반도 비핵화와 북미관계 정상화, 한반도 평화체제 구축, 미군 유해 송환 등의 4개 조항에 합의하고 후속 회담을 열어 이행 방안을 검토하기로 했다.

<출처>
외교부 홈페이지 (http://www.mofa.go.kr/)",">
외교부 홈페이지 (http://www.mofa.go.kr/)"
풍계리 핵실험장 폐기,2018-05-24,2018-06-05,2018-06-14,사회과학,정치학,293,5,15,34,"2018년 5월 24일 북한이 ‘판문점선언’에서 합의한 비핵화 조치 이행의 첫걸음으로 풍계리 핵실험장의 갱도를 폭파했다. 풍계리핵실험장은 북한이 2006년부터 2017년 9월까지 6차례 핵실험을 실시해온 장소다. 북한은 이날 오전 11시 2번 갱도와 관측소를, 오후 2시 17분 4번 갱도를, 오후 4시 2분엔 3번 갱도를 폭파하였다. 이날 폭파 현장에는 한국·미국·중국·영국·러시아 등 5개국의 취재진이 참관하였다. 정부는 북한의 핵실험장 폐기를 완전한 비핵화를 위한 의미있는 첫 조치로 평가하고, 북미정상회담의 성공적 개최를 지원하고 ‘판문점 선언’에 명시된 한반도의 완전한 비핵화 및 항구적 평화 정착을 위해 외교적 노력을 다할 것을 다짐하였다.

<출처>
외교부 홈페이지 (http://www.mofa.go.kr/)
통일부 홈페이지 (http://www.unikorea.go.kr/)",">
외교부 홈페이지 (http://www.mofa.go.kr/)
통일부 홈페이지 (http://www.unikorea.go.kr/)"
2018 남북정상회담,2018-04-10,2018-04-10,2018-05-11,사회과학,정치학,"1,582",21,82,49,"문재인 대통령은 2017년 7월 6일 독일 쾨르버재단에서 ‘베를린 구상’을 발표하여 한반도 평화 추구, 항구적 평화체제 구축 등을 포함한 5대 정책 방향을 공개했다. 이를 위해 북한에 이산가족 상봉 재개, 평창 올림픽의 평화적 참여, 적대행위 중단, 남북 당국 간의 대화 재개 등 4대 과제를 제안했다. 이에 북한 김정은 국무위원장이 신년사에서 평창동계올림픽 참가 의사를 밝혔고, 올림픽에서 단일팀이 결성되고 북한 고위급 대표단이 방문하는 등 해빙 분위기가 조성되었다. 2018년 4월 27일 문재인 대통령과 김정은 국무위원장은 판문점에서 만나 남북관계 발전 및 한반도 항구적 평화 구축 문제에 대해 논의하였다. 두 정상은 논의한 내용을 ‘판문점 선언’ 으로 발표하였다. 판문점 선언에는 민족공동행사 추진 및 고위급회담 등 각 분야의 회담 개최, 이산가족 상봉 진행, 경의선과 동해선 철도 연결 및 현대화, 적대행위 중지, 종전선언 추진, 완전한 비핵화 등의 내용이 포함되었다.

<출처>
통일부 남북회담본부 (https://dialogue.unikorea.go.kr/ukd/main/userMain/main.do)",">
통일부 남북회담본부 (https://dialogue.unikorea.go.kr/ukd/main/userMain/main.do)"
2018년 평창 동계패럴림픽대회,2018-03-09,2018-02-09,2018-03-24,예술,"오락,스포츠",466,30,77,14,"2018년 평창 동계패럴림픽대회는 대한민국 강원도 평창에서 2018년 3월 9일부터 3월 18일까지 10일간 개최되었다. 1988년 서울 패럴림픽 이후 30년 만에 이루어지는 최초의 동계패럴림픽으로 알파인 스키, 바이애슬론, 크로스컨트리, 스노보드의 4개 설상 종목과 아이스하키, 휠체어 컬링 2개의 빙상 종목의 경기가 열렸다.

- 대회일정: 2018.03.09(금) ~ 18(일)
- 개최지: 대한민국 평창, 강릉, 정선
- 대회규모 : 50개국 1,400여명, 6개 종목
- 2018 대회결과 : 1위 - 미국 (대한민국 - 16위)
- 경기종목 : 알파인 스키, 바이애슬론, 크로스컨트리 스키, 아이스하키, 스보노드, 휠체어컬링

<출처>
- 대회소개_2018 평창 동계패럴림픽 대회 / 평창 패럴림픽 공식 사이트. 2017.
(https://www.pyeongchang2018.com/ko/paralympics/about-the-games)",">
- 대회소개_2018 평창 동계패럴림픽 대회 / 평창 패럴림픽 공식 사이트. 2017.
(https://www.pyeongchang2018.com/ko/paralympics/about-the-games)"
2018년 평창 동계올림픽대회,2018-02-09,2007-03-20,2018-02-25,예술,"오락,스포츠","1,067",135,181,8,"2018 평창 동계올림픽 : 1988년 서울 올림픽 이후 30년 만에 평창에서 개최하는 제 23회 동계 올림픽
개최기간 : 2018.2.9(금)~25(일) / 17일간
개최장소 : 평창/정선, 강릉
참가국가 : 92개국, 2,925명 참가
경기종목 : 15종목 (102개 메달)
비전 : new horizons.
아시아라는 잠재력이 큰 새로운 무대에서 세계의 젊은 세대 들이 함께 동계스포츠의 새로운 지평을 열고,
평창과 대한민국에 지속가능한 유산을 남기는 것
대한민국 성과 : 종합 7위(금 5, 은 8, 동 4)


<출처>
- 2011 체육백서, 문화체육관광부, 2013
- 2018 평창 동계올림픽대회 및 동계패럴림픽대회 누리집(https://www.pyeongchang2018.com)",">
- 2011 체육백서, 문화체육관광부, 2013
- 2018 평창 동계올림픽대회 및 동계패럴림픽대회 누리집(https://www.pyeongchang2018.com)"
미투 캠페인,2018-01-29,2018-04-02,2018-04-09,사회과학,"사회학,사회문제",753,11,46,10,"미투 캠페인(#Me Too)은 성폭력 피해 사실을 SNS에 고발하는 캠페인으로서, 2006년 미국 사회운동가인 타라나 버크가 처음 사용한 문구를 2017년 영화배우 알리사 밀라노가 제안하여 전 세계로 확산되었다. 한국에서는 #OO계_내_성폭력 등의 해시태그 운동으로 이어져오던 성폭력 고발 움직임은, 2018년 1월 29일 서지현 검사가 검찰 내부통신망에 법무부와 검찰 고위 간부로부터 성추행을 당하고 인사 불이익을 받았다는 사실을 폭로하며 본격적으로 촉발되었다. 이후 국회의원, 항공사 승무원, 대학교수, PD, 시인, 연극인 등 각계각층의 인사들이 자신이 당한 성폭력 피해 사실을 밝혀 사회에 큰 파장이 일었다. SNS상에서는 피해자들의 고백을 지지하는 움직임이 잇따랐다. 정부에서는 각 부처에서 성범죄 특별대책 TF를 열고 신고센터를 운영해 성범죄 피해 사실을 접수받는 등의 조치가 있었으며, 국회에서는 ‘여성폭력방지 기본법안’ 과 ‘미투응원법’ 등 성폭력 피해자 지원 및 가해자 처벌에 관한 법안이 발의되었다.

<출처>
- 국가인권위원회 홈페이지 (https://www.humanrights.go.kr/)
- 여성가족부 홈페이지 (http://www.mogef.go.kr/)
- 고용노동부 홈페이지 (http://www.moel.go.kr/)
- 한국여성민우회 홈페이지 (http://www.womenlink.or.kr/)",">
- 국가인권위원회 홈페이지 (https://www.humanrights.go.kr/)
- 여성가족부 홈페이지 (http://www.mogef.go.kr/)
- 고용노동부 홈페이지 (http://www.moel.go.kr/)
- 한국여성민우회 홈페이지 (http://www.womenlink.or.kr/)"
"2018년 황금 개띠 해, 새롭게 달라지는 제도",2018-01-01,2018-01-02,2018-01-11,사회과학,"사회학,사회문제",65,0,0,0,"2018년 황금 개띠 해 무술년에, 지역별, 분야별로 새롭게 바뀌는 제도들에 대해 수집한 웹자원을 제공한다.

무엇보다 올해부터 시간당 최저임금이 2017년 6천470원에서 16.4% 오른 7천530원이 된다. 또한 1월부터 병사 봉급이 병장 기준으로 21만6천 원에서 40만5천700원으로 인상되며, 2018년도 어린이집 누리 과정비 전액 국고로 지원된다.

산림청에서는 수목에 대한 전문화된 진료체계를 구축하기 위해 나무의사만이 나무병원을 설립하여 수목진료를 할 수 있도록 나무의사 자격제도를 도입하기로 했다.

이외에도 유해화학물질 취급시설 가동 중단 신고 의무화되고, 그동안 만 25세 이상의 단독세대주에게만 지원되던 버팀목전세 지원이 19세 이상 청년에게도 허용된다. 기획재정부에서는 이렇듯 2018년 32개 정부부처별로 달라지는 주요 제도 및 법규사항을 12개 분야 239건으로 엮어 책자로 발간했다.


<출처>
- 2018년 이렇게 달라집니다, 기획재정부, 2017.12.27.",">
- 2018년 이렇게 달라집니다, 기획재정부, 2017.12.27."
2017년 북한 6차 핵실험,2017-09-03,2017-09-11,2017-09-29,사회과학,정치학,111,9,9,0,"2017년 9월 3일 북한은 6차 핵실험을 단행하고 오후 3시 30분, 북한의 조선중앙티브이 매체를 통해 ICBM 장착용 수소탄 시험에 성공했다고 밝혔다. 기상청은 북한 함경북도 길주군 풍계리 인근지역에서 낮 12시 29분께 대규모 폭발에 의한 인공지진으로 추정되는 5.7 규모의 진동이 감지됐다며 북한의 핵실험 사실을 확인했다. 기상청은 이번 북한 핵실험의 규모가 최소 TNT 환산량 50kt이라고 추정했고, 외신들은 미국 지질조사국의 발표를 인용해 100kt 정도로 추정했다.
이에 대한민국 정부는 이날 국가안전보장회의(NSC)를 소집해 북한을 규탄하고 UN에 안전보장이사회(안보리) 긴급회의를 요청했다. 이에 따라 2017년 9월 12일, UN은 북한 원유공급 제한, 북한산 섬유제품 수입 금지 등의 제재 내용을 담은 대북 제재안(2375호)을 만장일치로 채택했다.

<출처>
- 북 “ICBM용 수소탄 완전성공”…북핵 새 국면 진입 / 박병수, 이근영, 김지은, 정유경. 한겨레. 2017.9.3
(http://www.hani.co.kr/arti/politics/politics_general/809489.html#csidx649dc996a1a87e98a9b1651cd00201d)
- 유엔 안보리 대북제재 결의 '2375호' 채택 / 류효진. 한국일보. 2017.9.12.
(http://www.hankookilbo.com/v/c79a48bdbdf34efb988c05b7c5d425d4)",">
- 북 “ICBM용 수소탄 완전성공”…북핵 새 국면 진입 / 박병수, 이근영, 김지은, 정유경. 한겨레. 2017.9.3
(http://www.hani.co.kr/arti/politics/politics_general/809489.html#csidx649dc996a1a87e98a9b1651cd00201d)
- 유엔 안보리 대북제재 결의 '2375호' 채택 / 류효진. 한국일보. 2017.9.12.
(http://www.hankookilbo.com/v/c79a48bdbdf34efb988c05b7c5d425d4)"
2017년 푸드 포비아(살충제 계란 파동),2017-08-14,2017-08-30,2017-09-29,사회과학,"사회학,사회문제",186,12,18,5,"푸드 포비아(Food Phobia)란 일명 먹거리 공포증으로, 해로운 성분으로 오염된 음식에 대한 공포증을 의미한다.

2016년 9월, 4세 유아가 햄버거를 먹고 일명 ‘햄버거병’으로 불리는 용혈성 요독증후군에 걸렸다고 주장하여 논란이 된 사건, 간염 소시지 등 한국 사회에서는 안전을 위협하는 먹거리로 인해 소비자들의 먹거리에 대한 불신이 커지고 불안이 확대되었다.

특히, 살충제 계란 파동은 2017년 7월 유럽에서 살충제 성분인 피프로닐에 오염된 계란과 가공식품이 유통된 사건 이후 8월 국산 계란에서도 유독성 살충제 성분이 검출되면서 큰 파장을 일으켰다.

8월 14일 농림축산식품부가 친환경 산란계 농장을 대상으로 실시한 일제 잔류농약 검사에서 허용 기준(피프로닐 0.02ppm, 비펜트린 0.01ppm)을 초과한 피프로닐과 비펜트린 성분이 검출되었다.(피프로닐 최대 0.0763ppm, 비펜트린 0.0157ppm) 이에 8월 15일부터 전국 모든 산란계 농장의 계란 출하를 전격 중단하고 전수검사한 결과, 1,430곳의 산란계 농장 중 52개(친환경 농가 31개, 일반 농가 21개)에서 피프로닐, 비펜트린, 플루페녹수론 등 유독성 살충제 성분이 검출되었다. 이에 농식품부는 해당 농장의 계란을 전량 폐기하고 8월 18일, 살충제 및 항생제 등 약품 관리 강화, 2019년까지 계란과 닭고기에도 축산물 이력제를 도입하는 등의 내용을 담은 종합대책을 발표했다.

<출처>
- [단독] 살충제 계란 245개 한번에 먹어야 ‘급성독성‘ / 정현용. 서울신문. 2017.8.15.
(http://www.seoul.co.kr/news/newsView.php?id=20170815500076)
- “그래도 안먹어”…살충제계란·햄버거병이 바꾼 풍경 / 김지윤, 헤럴드경제. 2017.9.9.
(http://news.heraldcorp.com/view.php?ud=20170908000600#a)
- 살충제 계란 파동(2017) / 네이버 시사상식사전. 2017.9.1.
(http://terms.naver.com/entry.nhn?docId=3652360&cid=43667&categoryId=43667)",">
- [단독] 살충제 계란 245개 한번에 먹어야 ‘급성독성‘ / 정현용. 서울신문. 2017.8.15.
(http://www.seoul.co.kr/news/newsView.php?id=20170815500076)
- “그래도 안먹어”…살충제계란·햄버거병이 바꾼 풍경 / 김지윤, 헤럴드경제. 2017.9.9.
(http://news.heraldcorp.com/view.php?ud=20170908000600#a)
- 살충제 계란 파동(2017) / 네이버 시사상식사전. 2017.9.1.
(http://terms.naver.com/entry.nhn?docId=3652360&cid=43667&categoryId=43667)"
2017년 반핵·탈핵 운동,2017-06-19,2017-07-18,2017-09-29,사회과학,사회과학,470,115,109,6,"1. 개요

반핵 운동(Anti-nuclear movement) 또는 탈핵 운동은 핵에너지의 사용에 반대하는 사회 운동이다. 여기에는 핵무기와 열화우라늄을 이용한 무기, 핵에너지를 이용해 전기와 동력을 생산하는 행위, 방사성 동위원소를 이용하는 행위에 반대하는 것이 포함된다.
많은 반핵 운동가들은 핵에너지란 본질적으로 위험한 것이기 때문에 그것을 이용한 발전에 반대하는 활동을 벌이는 한편, 우라늄 채광과 핵 재처리에 대해서도 우려를 표한다. 무엇보다도 핵 사고로 인한 위험성은 매우 크고 감당할 수 없는 것이며 핵폐기물을 안전하게 폐기 처분할 수 없기 때문이다. 반핵 운동은 핵무기 철폐와 안전성, 현실 가능한 재생 에너지로의 전환에 관심이 많은 생태 운동이다.
이와 반대로 핵추진 운동은 핵에너지의 위험성은 적으며 수용할 수 있다고 생각한다. 또한 이들은 재생 에너지에 비해 핵발전이 매우 효율적이기 때문에 현실 가능한 에너지원이라고 바라본다.
2. 대한민국의 탈핵 운동

2017년 6월 19일 문재인 대통령은 ‘고리원전 1호기 영구정지 기념식’에 참석해 “원전 중심의 발전정책을 폐기하고 탈핵 시대로 가겠다”고 천명했다. 이것이 계기가 되어 대한민국 사회에 탈핵이 큰 이슈가 되었고 정치권, 언론, 시민사회, 과학계 등이 찬성 측과 반대 측으로 나뉘었다.
정부의 탈원전 정책에 따라 건설 중이던 신고리 5·6호기 공사가 중단되었고, 건설 재개 여부를 결정하기 위해 7월 24일 국무총리훈령을 통해 공론화위원회가 출범되었다. 10월 20일, 공론화위원회에 참여한 시민참여단 471명은 건설재개 59.5%, 중단 40.5%로 건설재개로 결론을 내렸다.
정부의 원전 축소 계획은 단계적으로 장기간 추진되며, 설계 수명이 만료되는 원전을 폐쇄해 나가는 방식이다. 정부는 해당 기간 동안 발생될 전력 수급 문제에 대비해 2030년까지 재생에너지의 발전 비중을 전체의 20% 수준으로 올린다는 계획이다.
<출처>
- 문 대통령 '탈원전' 선언... 에너지전환 시대 열렸다 / 양이원영, 오마이뉴스. 2017.6.21.
(http://www.ohmynews.com/NWS_Web/View/at_pg.aspx?CNTN_CD=A0002335148&CMPT_CD=SEARCH)
- 신고리 5·6호 공사중단에 양산 시민단체·상공계 반응 엇갈려 / 최병길. 연합뉴스. 2017.7.14.
(http://www.yonhapnews.co.kr/bulletin/2017/07/14/0200000000AKR20170714113100052.HTML?from=search)
- 신고리5·6호기 '건설재개' 결론…재개 59.5%, 중단 40.5%(종합) / 성혜미, 박경준. 연합뉴스. 2017.10.20.
(http://www.yonhapnews.co.kr/bulletin/2017/10/20/0200000000AKR20171020056052001.HTML?from=search)
- 반핵 운동 / 위키백과.
(https://ko.wikipedia.org/wiki/%EB%B0%98%ED%95%B5_%EC%9A%B4%EB%8F%99)",">
- 문 대통령 '탈원전' 선언... 에너지전환 시대 열렸다 / 양이원영, 오마이뉴스. 2017.6.21.
(http://www.ohmynews.com/NWS_Web/View/at_pg.aspx?CNTN_CD=A0002335148&CMPT_CD=SEARCH)
- 신고리 5·6호 공사중단에 양산 시민단체·상공계 반응 엇갈려 / 최병길. 연합뉴스. 2017.7.14.
(http://www.yonhapnews.co.kr/bulletin/2017/07/14/0200000000AKR20170714113100052.HTML?from=search)
- 신고리5·6호기 '건설재개' 결론…재개 59.5%, 중단 40.5%(종합) / 성혜미, 박경준. 연합뉴스. 2017.10.20.
(http://www.yonhapnews.co.kr/bulletin/2017/10/20/0200000000AKR20171020056052001.HTML?from=search)
- 반핵 운동 / 위키백과.
(https://ko.wikipedia.org/wiki/%EB%B0%98%ED%95%B5_%EC%9A%B4%EB%8F%99)"
2017년 19대 대통령 선거,2017-05-09,2017-02-20,2017-05-24,사회과학,정치학,"1,646",241,585,36,"임기가 2017년 5월 10일부터 2022년 5월 9일까지인 대한민국 제19대 대통령을 선출하는 대통령 선거가 2017년 5월 9일 화요일 실시되었다.
전국투표율은 77.2%로 선거인수 42,479,710명 중 32,808,377명이 투표하였다. 이는 1997년 15대 대선(80.7%) 이후 최고치로, 2012년 치른 18대 대선 투표율 75.8%보다는 1.4% 높은 수준이며 17대 대선과 비교하면 14.2% 높은 수치다.
당선인은 문재인 더불어민주당 후보가 41.08%의 득표율(13,423,784표)을 기록하며 24.03%(7,852,846표)를 기록한 홍준표 자유한국당 후보를 5,570,938표 차로 꺾고 당선되었다.
이 밖에 안철수 국민의당 후보가 21.4%를 득표해 3위를 기록했고, 유승민 바른정당 후보(6.8%), 심상정 정의당 후보(6.2%)가 뒤를 이었다.
제19대 대선은 헌법재판소가 2017년 3월 10일 박근혜 전 대통령에 대한 탄핵 인용 결정을 내림에 따라 헌정 사상 처음으로 '대통령 직선제에 의한 보궐선거(궐위로 인한 선거)'로 치러지면서 기존 대통령 선거가 12월에 치러진 반면 19대 대선은 5월 장미대선이 되었다.


<출처>
- 중앙선거관리위원회 선거통계시스템 (http://info.nec.go.kr/)
- DAUM 뉴스 - 제19대 대통령선거 (http://media.daum.net/election/2017/0509/)",">
- 중앙선거관리위원회 선거통계시스템 (http://info.nec.go.kr/)
- DAUM 뉴스 - 제19대 대통령선거 (http://media.daum.net/election/2017/0509/)"
2017년 고고도미사일방어체계(사드•THAAD) 배치,2017-04-26,2017-07-06,2017-09-29,사회과학,정치학,517,0,0,0,"2016년 9월 30일, 국방부가 주한미군의 사드((THAAD·고고도 미사일 방어 체계) 배치 부지를 경북 성주군 초전면 성주골프장(달마산)으로 확정한 이후로 2017년 4월 26일, 주한미군은 발사대 2기와 X-밴드 레이더를 해당 부지에 전격 배치하였다. 국방부는 이날 ‘고도화되고 있는 북핵미사일 위협에 대비해 사드 체계의 조속한 작전운용 능력을 확보하기 위해 일부 전력을 우선 배치한 것‘이라는 입장을 밝혔다.
2017년 7월, 북한이 ICBM급 화성-14형 미사일을 발사하자 문재인 대통령은 국가안전보장회의(NSC) 전체회의를 긴급 소집하고 나머지 사드 발사대 4기를 추가 배치할 것을 지시했다. 이에 따라 북한이 6차 핵실험을 단행한 9월 3일로부터 사흘 뒤인 9월 7일, 사드 발사대 4기가 추가 배치되었고 이로써 사드 1개 포대가 완비되었다.
한편 사드 배치는 국내 정치권, 언론, 시민사회는 물론 대외 외교관계에 있어서도 큰 논란을 일으켰다. 국내에서는 사드 배치지역인 성주 소성리 주민과 시민단체들을 중심으로 사드한국배치저지전국행동, 사드배치철회 성주투쟁위원회 등이 결성되어 사드 배치 반대운동이 일어났고, 주민 의견과 환경영향평가를 무시한 사드 배치 과정을 비판했다.
중국은 사드 배치에 반발하여 2017년 7월 4일, 러시아와 함께 UN에 공동성명을 내는 한편, 한국행 단체여행 제한, 한류 금지령, 한국 기업 규제 강화 등 경제적 제재 조치로 주한미군의 한반도 사드배치에 강한 반대 입장을 드러냈다. 이로 인해 중국 내 한국 기업과 국내 항공 및 관광업계 및 관련업계의 경영이 악화되고 증시가 급감하는 등 경제적 피해가 컸다.
<출처>
- 국방부 ""조속한 작전운용능력 확보 위해 사드 일부 전력 배치""(종합) / 이영재. 연합뉴스. 2017.4.26.
(http://www.yonhapnews.co.kr/bulletin/2017/04/26/0200000000AKR20170426024051014.HTML?from=search)
- 사드 발사대 4기 추가 반입 완료 / 정광진. 한국일보. 2017.9.7. (http://www.hankookilbo.com/v/0d5ca53e2d754c719a3d007e08f99278)
- 文대통령 ""사드 잔여 발사대 4기 추가 배치하라"" / 고성민. 조선일보. 2017.7.29.
(http://news.chosun.com/site/data/html_dir/2017/07/29/2017072900196.html)
- [한중관계 복원] '사드 갈등' 일지 / 이상현. 연합뉴스. 2017.10.31.
(http://www.yonhapnews.co.kr/bulletin/2017/10/31/0200000000AKR20171031058600014.HTML?from=search)
- [보도자료] 미군 사드 배치 관련 공사 장비 반입 규탄 / 참여연대. 2017.4.20.
(http://www.peoplepower21.org/index.php?_filter=search&mid=Peace&search_target=title_content&search_keyword=%EC%82%AC%EB%93%9C&page=4&document_srl=1497469&listStyle=list)
- 발뺌하던 중국, 한한령 첫 시인 / 박만원, 안두원. 매일경제. 2017.1.5. (http://news.mk.co.kr/newsRead.php?no=9863&year=2017)
- 러-中, 정상회담 뒤 한반도 위기 해결책 담은 공동성명 발표 / 유철종. 연합뉴스. 2017.7.4.
(http://www.yonhapnews.co.kr/bulletin/2017/07/04/0200000000AKR20170704211600080.HTML?from=search)",">
- 국방부 ""조속한 작전운용능력 확보 위해 사드 일부 전력 배치""(종합) / 이영재. 연합뉴스. 2017.4.26.
(http://www.yonhapnews.co.kr/bulletin/2017/04/26/0200000000AKR20170426024051014.HTML?from=search)
- 사드 발사대 4기 추가 반입 완료 / 정광진. 한국일보. 2017.9.7. (http://www.hankookilbo.com/v/0d5ca53e2d754c719a3d007e08f99278)
- 文대통령 ""사드 잔여 발사대 4기 추가 배치하라"" / 고성민. 조선일보. 2017.7.29.
(http://news.chosun.com/site/data/html_dir/2017/07/29/2017072900196.html)
- [한중관계 복원] '사드 갈등' 일지 / 이상현. 연합뉴스. 2017.10.31.
(http://www.yonhapnews.co.kr/bulletin/2017/10/31/0200000000AKR20171031058600014.HTML?from=search)
- [보도자료] 미군 사드 배치 관련 공사 장비 반입 규탄 / 참여연대. 2017.4.20.
(http://www.peoplepower21.org/index.php?_filter=search&mid=Peace&search_target=title_content&search_keyword=%EC%82%AC%EB%93%9C&page=4&document_srl=1497469&listStyle=list)
- 발뺌하던 중국, 한한령 첫 시인 / 박만원, 안두원. 매일경제. 2017.1.5. (http://news.mk.co.kr/newsRead.php?no=9863&year=2017)
- 러-中, 정상회담 뒤 한반도 위기 해결책 담은 공동성명 발표 / 유철종. 연합뉴스. 2017.7.4.
(http://www.yonhapnews.co.kr/bulletin/2017/07/04/0200000000AKR20170704211600080.HTML?from=search)"
국립중앙도서관 운영 사이트,2017-04-11,2017-04-11,2017-05-11,총류,문헌정보학,163,0,0,0,국립중앙도서관 운영 사이트 모음,
2017년 국민이 뽑은 정부혁신 행정서비스 30선,2017-04-05,2017-04-20,2017-04-20,사회과학,행정학,15,186,0,0,"2017년 4월 5일 행정자치부(장관 홍윤식)는 국민이 가장 사랑하는 대표적인 정부혁신 행정서비스 30선을 발표했다. 정부혁신 행정서비스 30선이란 국민의 삶을 더욱 편리하고 안락하게 만드는 데 기여한 정부의 혁신행정서비스 중 국민의 선택을 받은 30개의 서비스를 말한다. 전 행정기관(중앙부처‧자치단체‧교육청)과 공공기관이 제출한 대표적 정부혁신(정부3.0) 사례 670여 건을 대상으로 2017년 3월 15일부터 2017년 3월 28일 동안 전문가 심사와 국민투표(공식 누리집(govbrand30.kr)활용)를 병행하여 조사가 실시되었으며, 총 1만7천여 명이 조사에 참여하였다.

국민이 뽑은 정부혁신 행정서비스 30선은 브랜드 명 가나다순으로 다음과 같다.
<개인투약이력조회서비스, 고용복지센터, 공공데이터 포털, 긴급신고전화(112,119) 통합서비스, 농촌형 교통 선도모델 : 청송군 농어촌버스 미운행마을 「천원택시, 대한민국 구석구석, 드론을 활용한 산림재해 현장대응 강화, 마을변호사 제도, 문서 24, 민원24 ‘나의 생활정보’서비스, 보이스피싱 지킴이 “그놈목소리”, 서민자녀 생애주기별 맞춤형 교육지원 서비스, 서울시 심야콜버스, 성범죄자 알림e, 스마트119 상황관제시스템, 신고서미리채움(Pre-filled)서비스 : 연말정산 포함, 안전신문고, 운전면허 신체검사 간소화 서비스, 워크넷, 원문정보공개, 유실물정보 통합시스템 ‘Lost112’, 일사편리 : 부동산 행정정보 일원화, 정보3.0 수입물품 안전관리 협업검사, 정부3.0 안심상속 원스톱서비스, 정부3.0 행복출산 원스톱서비스, 취약계층 요금감면 원스톱서비스, 취업맞춤형 특기병제도, 통계로 찾은 ‘살고 싶은 우리동네’, 통합 연금포털, 화학재난합도방제센터>
「2017년 국민이 뽑은 정부혁신 행정서비스 30선」 에는 고용복지+센터, 공공데이터 포털, 긴급신고전화(112,119) 통합서비스, 대한민국구석구석 등 17개 웹사이트를 비롯해 기존에 수집했던 웹자원을 모아 제공하며, 신규 웹자원을 추가 수집하여 제공할 계획이다.

<참고자료>
-‘국민들이 가장 사랑하는 정부혁신 행정서비스 30선' / 행정자치부. 2017.04.05.
(https://www.moi.go.kr/frt/bbs/type010/commonSelectBoardArticle.do?bbsId=BBSMSTR_000000000008&nttId=58084)",
2017년 김정남 피살사건,2017-02-13,2017-02-20,2017-05-22,사회과학,정치학,91,13,22,10,"2017년 2월 13일 오전 9시경(현지시간), 故 김정일 북한 국방위원장의 장남이자 현 김정은 북한 노동당 위원장의 이복형 김정남 씨가 말레이시아의 쿠알라룸푸르 국제공항에서 여성 2명에 의해 피살된 사건이다. 김정남은 극심한 어지럼증과 두통을 호소하며 안내 데스크에 도움을 요청했으나 곧이어 도착한 구급차에 실려 병원으로 가던 중 사망했다. 용의자 여성들은 김정남을 공격한 뒤 택시를 타고 도주했으나, 말레이시아 경찰은 사건 발생 3일째인 2월 15일 베트남 출신 도안 티 흐엉과 말레이시아 음식 공급자인 무하메드 잘라루딘을 체포했으며, 16일에는 인도네시아 출신의 시티 아이샤를 검거했다. 특히 2월 17일에는 쿠알라룸푸르 인근 아파트에 숨어 있던 사건 용의자인 북한 국적의 리정철을 체포했다.
말레이시아 경찰은 2월 16일, ‘피살된 북한 국적의 남성은 김정남’이라고 공식 발표했지만 강철 주말레이시아 북한 대사는 2월 20일 기자회견을 통해 ‘김정남이 아닌 북한 국적의 김철이 심장마비로 자연사한 것’이라고 주장했다.
말레이시아 경찰은 2월 24일, 사망한 김정남의 시신에서 화학무기로 사용되는 신경성 맹독 물질인 VX가 검출됐다고 공식 발표했다. VX는 1952년 영국에서 살충제 목적으로 개발한 화학물질으로, 신경가스인 사린보다 최소 100배 이상의 독성을 발휘한다.
한편, 말레이시아는 3월 30일 김정남의 시신을 북한에 있는 가족에게 돌려보내기로 했다고 공식 발표했다.

<출처>
- “여성 1명이 독극물 뿌리고 다른 여성은 손수건으로 얼굴 감싸” / 김지은. 한겨레. 2017.02.16.
(http://www.hani.co.kr/arti/politics/defense/782791.html#csidxfe9f7ccda59348e885155b5151b84b9)
- 北대사 ""김정남은 자연사…말레이, 한국과 결탁해 북한 배후로 몰아"" 황당 주장 / 유지한. 조선일보. 2017.02.20.
(http://news.chosun.com/site/data/html_dir/2017/02/20/2017022002121.html)
- 김정남 암살(2017) / 네이버 지식백과
(http://terms.naver.com/entry.nhn?docId=3566783&cid=43667&categoryId=43667)",">
- “여성 1명이 독극물 뿌리고 다른 여성은 손수건으로 얼굴 감싸” / 김지은. 한겨레. 2017.02.16.
(http://www.hani.co.kr/arti/politics/defense/782791.html#csidxfe9f7ccda59348e885155b5151b84b9)
- 北대사 ""김정남은 자연사…말레이, 한국과 결탁해 북한 배후로 몰아"" 황당 주장 / 유지한. 조선일보. 2017.02.20.
(http://news.chosun.com/site/data/html_dir/2017/02/20/2017022002121.html)
- 김정남 암살(2017) / 네이버 지식백과
(http://terms.naver.com/entry.nhn?docId=3566783&cid=43667&categoryId=43667)"
"2017년 정유년, 새롭게 달라지는 제도",2017-01-01,2017-01-05,2017-01-09,사회과학,"사회학,사회문제",55,64,5,0,"2017년 정유년, 경제, 지방세제도, 부동산제도, 공무원 채용제도, 육아, 보육 정책, 스포츠 등 분야별로 바뀌는 제도들에 대해 수집한 사이트를 제공한다.
특히 기존 300인 이상 사업장 및 공공기관에 이어 전국의 모든 사업장에서 정년이 60세 이상으로 의무화된다. 또한 출산 전후 90일까지 가능한 출산전후휴가를 갈 때 받을 수 있는 급여 상한액이 135만원에서 150만원으로 인상된다.
기획재정부는 내년부터 달라지는 31개 정부부처 제도 및 법규사항을 정리한 '2017년부터 이렇게 달라집니다' 책자를 발간할 계획이다.

<출처>
- 알아두면 유익한 ‘새해 이렇게 달라집니다’, 기획재정부 정책브리핑, 2016.12.28.",">
- 알아두면 유익한 ‘새해 이렇게 달라집니다’, 기획재정부 정책브리핑, 2016.12.28."
2017년 국제회의 및 컨퍼런스,2017-01-01,2017-10-20,2017-11-19,총류,"일반학회,단체,협회,기관,연구기관",122,76,14,3,"국내에서 개최되는 국제회의나 학회나 단체가 개최하는 국제 학술회의, 국제 포럼, 국제 심포지엄, 엑스포, 박람회, 세미나 등을 소개하는 웹사이트와 웹자료를 수집하여 제공한다.",
2016년 트럼프 미 대통령 당선,2016-11-09,2017-11-09,2017-09-06,사회과학,정치학,61,11,3,0,"2016년 11월 9일, 도널드 트럼프가 미국의 제 45대 대통령으로 당선되었다. 공화당 후보로는 28년만에 전국 2,600여 개 카운티에서 총 304명의 선거인단을 확보, 총 득표수 62,979,636표(46.1%)를 기록하며 승리를 거두었다. 경쟁 후보인 민주당의 힐러리 클린턴은 선거인단 227개 확보, 총 득표수 65,844,610표(48.2%)로 득표수에서는 앞섰지만 선거인단에서 뒤쳐져 패배하였다. 자유당 게리 존슨 후보는 3%, 녹색당의 질 스타인 후보는 1%를 득표했다.
언론과 여론조사에서는 당초 힐러리 후보의 당선을 예측했지만 IS의 테러, 이란과 북한의 핵무기 개발 등 국제 정세의 위협으로 인해 미국 우선주의와 보호 무역주의를 표방한 트럼프의 자국 내 입지가 유리해졌다는 분석이다. 국내에서는 미국의 정책 기조가 달라짐에 따라 한미 동맹의 방위비 분담, 전시작전권 전환, 대북정책, 한미 FTA 이슈 등에 있어서 트럼프 정부의 방침에 촉각을 곤두세우고 있다.

<출처>
- 주한미국대사관 및 영사관(https://kr.usembassy.gov/)
- 외교부(www.mofa.go.kr )
- 2016년 미국 대선: 결과와 정책적 함의 / 제임스 김, 김지윤, 한민정. 아산정책연구원
(http://www.asaninst.org/contents/2016%EB%85%84-%EB%AF%B8%EA%B5%AD-%EB%8C%80%EC%84%A0-%EA%B2%B0%EA%B3%BC%EC%99%80-%EC%A0%95%EC%B1%85%EC%A0%81-%ED%95%A8%EC%9D%98/)


<수집기간>
1차 : 2016. 11. 9. ~ 2016. 11. 24. 2차 : 2017. 9. 6.",">
- 주한미국대사관 및 영사관(https://kr.usembassy.gov/)
- 외교부(www.mofa.go.kr )
- 2016년 미국 대선: 결과와 정책적 함의 / 제임스 김, 김지윤, 한민정. 아산정책연구원
(http://www.asaninst.org/contents/2016%EB%85%84-%EB%AF%B8%EA%B5%AD-%EB%8C%80%EC%84%A0-%EA%B2%B0%EA%B3%BC%EC%99%80-%EC%A0%95%EC%B1%85%EC%A0%81-%ED%95%A8%EC%9D%98/)


<수집기간>
1차 : 2016. 11. 9. ~ 2016. 11. 24. 2차 : 2017. 9. 6."
위기의 조선업,2016-11-01,2016-07-15,2016-08-11,사회과학,경제학,353,364,12,0,"<배경 및 발생원인>
2000년대 들어 세계 경제는 중국 경제의 팽창과 미국 경제 회복으로 무역량이 크게 증가하였고, 이에 따라 선박수요 또한 급증하게 되어 조선산업은 역사상 최고의 호황을 맞이하였다. 한국은 2003년부터 2006년까지 일본을 제치고 세계 최대 수주국가가 되었지만, 2007년 저가 선박을 앞세운 중국에 선두를 내주게 되었다.
2007년 미국의 서브프라임 모기지 사태가 원인이 된 리먼 브라더스 파산은 2008년 세계 금융 위기를 불러 왔으며, 세계무역량은 크게 감소되고 세계경기는 침체에 빠지게 되었다. 상선 발주도 급감하게 되어 우리나라 중소형 조선업체인 C&중공업, 녹봉조선, YS중공업, 광성조선, 일흥조선, 영광TKS세광중공업, 삼호조선 등이 매각되거나 청산되었다. 또한 2011년 진세조선, 2015년 신아sb 조선이 파산하였으며 2016년 8월 현재, STX조선, 성동조선해양은 법정관리 중이며, SPP조선은 매각절차를 밟고 있다.
2011년 이후 배럴당 100달러 이상의 고유가가 지속되자 메이저 석유회사들은 심해 유전 개발에 뛰어 들어 석유와 가스 등 해양자원을 시추할 수 있는 해양플랜트 공사를 대거 발주하였다. 심각한 위기에 직면해 있던 국내 중소형 조선업체와 달리 국내 빅3 인 현대중공업과 대우, 삼성과 같은 대형 조선업체는 해양플랜드에서 잇달아 수주하면서 위기를 모면할 수 있었고, 2009년 이후 위기에 처한 중소 조선업체에서 쏟아져 나오는 인력을 하청으로 흡수하였다.
2014년 미국이 셰일가스의 생산량을 늘리고 원유수출 금지 조항을 해제하기로 하기로 하면서 LNG선의 발주가 늘었고, 삼성중공업과 현대중공업은 수주하게 되었다. 그러나 2014년 11월 석유수출국기구(OPEC)은 셰일가스와 원유 간의 에너지 시장 주도권을 지키기 위하여 원유 감산을 거부하였다. 이때부터 세계 경기 둔화되면서 원유 공급과잉으로 유가는 추락하였다.
2016년 2월 국제유가는 배럴당 20달러 선까지 하락하였다. 메이저 석유회사는 저유가가 지속되자 해양플랜트 사업을 취소하기 시작하였고, 대형조선업체인 현대중공업과 대우해양조선 그리고 삼성중공업도 타격을 입게 되었다.
국내 조선업체는 2008년 세계 금융 위기로 한 차례 어려움을 겪으면서 감가상각 주기에 따라 수요가 발생할 수 있는 상선보다는 유가에 따라 유동적이지만 고부가가치 사업인 해양플랜트 부문에 집중하여 위기를 돌파하고자 하였다. 그러나 국내 대형조선업체인 3사의 과다 경쟁에 따른 저가수주, 적정 생산 능력보다 150% 정도 많은 과잉 수주, 그리고 해양플랜트 기술이 부족함에도 설계부터 시공까지 다 하는 턴키 방식으로 인한 공기지연과 이에 따른 추가 비용 상승, 이와 더불어 해양플랜트 발주사의 인도지연 및 취소와 경영진의 오판과 과욕이 복합적으로 작용하면서 조선업의 위기는 가중되었다.

<피해수습>
2016년 5월 16일 조선업의 구조조정이 본격화하면 하청기업을 포함하여 최대 5만 명의 실업자가 발생할 수도 있다는 분석이 나오는 등 조선업의 불황으로 대규모 인력구조조정이 예상되자, 정부는 2016년 6월 30일 조선업을 특별고용지원업종으로 지정하여 실직 근로자에 대한 생계안정, 고용 유지 지원을 강화하고자 하였으며, 현대중공업과 삼성중공업, 대우조선해양은 이 대상에 포함되지 않았다.

<출처>
- [위기의 조선업①]수주절벽 암담…올 선박수주량 전년比 16% 감소 전망). 정필재, Newsis, 2016.05.01
- [위기의 조선업②]韓조선업 왜 망가졌나…중국특수에 취하고, 해양플랜트에 발목. 정필재, Newsis , 2016.05.01
- [위기의 조선업③]韓조선업 미래 생존비법은?…""빅3, 1~2개로 합쳐야"" vs ""몸집 줄여 버텨야"". 정필재, Newsis, 2016.05.01
- 세계 1위 한국 조선, 정말 위기인가?. 정웅재, 민중의소리, 2016.05.04
- [탐사플러스] 조선업 침몰, 외부 요인 외 내부 '구멍'도. 김태영, JTBC, 2016.05.09
- 조선업 몰락이 말하는 진실 “대마불사·속도전 그만” 박은하, 경향비즈
- 조선업 위기는 ‘하청, 해양플랜트 위주 성장의 위기’, 이정호, 뉴스타파. 2015.12.23
- 조선업 부진의 원인과 전망. 김창완, 리서치미디어스, 2015.09.08
- 조선업 불황 거제시 ""해양플랜트 산단 추진이 돌파구"". 이경욱, 연합뉴스,2016.05.26
- “세일가스의 배신”...조선업 위기의 출발은 美-OPEC 싸움. 강기준, 머니투데이, 2016.05.23
- 고용부, 조선업 특별고용지원업종 지정에서 ‘빅3’ 제외. 김문관, 조선비즈, 2016.06.30
- 정부, 조선업 특별고용지원업종 지정…대형 3사는 제외. 박영미, Newsis, 2016.06.30",">
- [위기의 조선업①]수주절벽 암담…올 선박수주량 전년比 16% 감소 전망). 정필재, Newsis, 2016.05.01
- [위기의 조선업②]韓조선업 왜 망가졌나…중국특수에 취하고, 해양플랜트에 발목. 정필재, Newsis , 2016.05.01
- [위기의 조선업③]韓조선업 미래 생존비법은?…""빅3, 1~2개로 합쳐야"" vs ""몸집 줄여 버텨야"". 정필재, Newsis, 2016.05.01
- 세계 1위 한국 조선, 정말 위기인가?. 정웅재, 민중의소리, 2016.05.04
- [탐사플러스] 조선업 침몰, 외부 요인 외 내부 '구멍'도. 김태영, JTBC, 2016.05.09
- 조선업 몰락이 말하는 진실 “대마불사·속도전 그만” 박은하, 경향비즈
- 조선업 위기는 ‘하청, 해양플랜트 위주 성장의 위기’, 이정호, 뉴스타파. 2015.12.23
- 조선업 부진의 원인과 전망. 김창완, 리서치미디어스, 2015.09.08
- 조선업 불황 거제시 ""해양플랜트 산단 추진이 돌파구"". 이경욱, 연합뉴스,2016.05.26
- “세일가스의 배신”...조선업 위기의 출발은 美-OPEC 싸움. 강기준, 머니투데이, 2016.05.23
- 고용부, 조선업 특별고용지원업종 지정에서 ‘빅3’ 제외. 김문관, 조선비즈, 2016.06.30
- 정부, 조선업 특별고용지원업종 지정…대형 3사는 제외. 박영미, Newsis, 2016.06.30"
2016년 백남기 농민 사망,2016-09-25,2017-08-07,2017-08-30,사회과학,"사회학,사회문제",288,25,25,24,"2015년 11월 14일, 광화문 앞에서 열린 1차 민중총궐기 대회 현장에서 경찰이 쏜 물대포를 맞고 농민 백남기 씨가 쓰러졌다. 백 씨는 박근혜 전 대통령의 공약인 쌀 수매가 인상을 촉구하기 위해 참석하였다가 변을 당하였다. 백남기 농민 가족과 전국농민회총연맹 등은 경찰 과잉진압에 의한 사건으로 보고 당시 경찰청장 등 7명을 살인미수 혐의로 검찰에 고발하였으나 경찰 측은 ‘백 씨가 살수차의 살수에 맞아 외상성 경막하출혈이라는 부상을 입은 것은 인정하지만 불법시위를 진압하기 위한 정당한 직무집행’이라며 사과를 거부하였다. 박근혜 전 대통령 역시 당시 중태였던 백남기 씨에 대한 언급을 피하였고 이에 2015년 11월 24일, ‘생명과 평화의 일꾼 백남기 농민의 쾌유와 국가폭력 규탄 범국민대책위원회’가 발족하였다.
2016년 9월 12일, 사건에 대한 논란이 커지자 국회 안전행정위원회에서 ‘백남기 청문회’가 진행되었으나 경찰 관계자들은 책임을 인정하지 않았다.
그러던 2016년 9월 25일, 사건 이후 317일 만에 백남기 씨가 입원 중이던 서울대병원에서 사망하였다. 서울대병원 측은 백씨의 사인을 ‘외인사’가 아닌 ‘병사’로 밝혀 사회적으로 큰 논란이 일었고, 이에 반발하는 유가족, 대책위, 시민단체 등과 부검영장을 제출한 경찰 사이에 마찰을 빚었다. 이에 백남기 대책위는 공식명칭을 ‘백남기 농민 국가폭력에 대한 진상 규명, 책임자처벌, 살인정권 투쟁본부’로 전환하고 특검 도입을 위한 서명운동, 촛불집회 등을 이어나갈 계획을 밝혔다.
2017년 6월 15일, 서울대병원 측은 자체 윤리위원회를 통해 백남기 씨의 사인을 ‘병사’에서 ‘외인사’로 수정하였다.
2017년 10월 17일, 검찰이 고(故) 백남기 농민 사망사건 수사 결과를 발표하자 경찰청은 국가책임을 인정하며 피해배상 및 관련 제도적 방안을 마련하겠다고 밝혔다. 검찰은 해당 사건에 관련된 경찰관 4명을 업무상 과실치사 혐의로 불구속 기소했다.

<출처>
- [일지] ‘물대포’ 피격에서 ‘외인사’ 인정까지, 백남기 농민 사건 580일 / 양아라. 민중의소리. 2017.6.15. (http://www.vop.co.kr/A00001169302.html)
- “고 백남기씨 사망진단서, 일반적인 지침과 다르지만…” (일문일답 전문) / 서울신문. 2016.10.03. (http://www.seoul.co.kr/news/newsView.php?id=20161003500110)
- 백남기대책위, 투쟁본부 전환해 / 김은경. 한국농정신문. 2016.9.26. (http://www.ikpnews.net/news/articleView.html?idxno=27107)
- 고 백남기 농민 사망진단서 ‘병사’→‘외인사’로 수정 / 김양중, 박수지. 한겨레. 2017.6.15.
(http://www.hani.co.kr/arti/society/health/798900.html#csidxc0e1f371e1c91d2bd1d81da5f907e5b)
- 경찰 ""백남기 농민·유족에 다시 한번 사과…관련자 징계"" / 임기창. 연합뉴스. 2017.10.17.
(http://www.yonhapnews.co.kr/bulletin/2017/10/17/0200000000AKR20171017150000004.HTML?input=1195m)",">
- [일지] ‘물대포’ 피격에서 ‘외인사’ 인정까지, 백남기 농민 사건 580일 / 양아라. 민중의소리. 2017.6.15. (http://www.vop.co.kr/A00001169302.html)
- “고 백남기씨 사망진단서, 일반적인 지침과 다르지만…” (일문일답 전문) / 서울신문. 2016.10.03. (http://www.seoul.co.kr/news/newsView.php?id=20161003500110)
- 백남기대책위, 투쟁본부 전환해 / 김은경. 한국농정신문. 2016.9.26. (http://www.ikpnews.net/news/articleView.html?idxno=27107)
- 고 백남기 농민 사망진단서 ‘병사’→‘외인사’로 수정 / 김양중, 박수지. 한겨레. 2017.6.15.
(http://www.hani.co.kr/arti/society/health/798900.html#csidxc0e1f371e1c91d2bd1d81da5f907e5b)
- 경찰 ""백남기 농민·유족에 다시 한번 사과…관련자 징계"" / 임기창. 연합뉴스. 2017.10.17.
(http://www.yonhapnews.co.kr/bulletin/2017/10/17/0200000000AKR20171017150000004.HTML?input=1195m)"
2016년 리우데자네이루 페럴림픽(제15회 리우패럴림픽),2016-09-05,2016-09-05,2016-09-30,예술,"오락,스포츠",165,6,0,1,"패럴림픽(Paralympic Games)은 신체적 장애가 있는 선수들이 참가하는 국제 스포츠대회로써 2016년 리우 패럴림픽은 2016년 9월 7일부터 9월 18일까지 12일 동안 브라질 리우데자네이루에서 개최되었다. 남미 최초의 패럴림픽에는 160개국 4,461명 선수들이 출전, 22개 종목에서 총 528개의 금메달을 놓고 각축을 벌였다.
우리나라는 양궁, 육상, 보치아, 사이클, 유도, 역도, 조정, 사격, 수영, 탁구, 휠체어테니스등 11개 종목에 참가하였다. 참가인원은 선수 81명, 임원58명으로 총 139명이었다. 대한민국 선수단은 금메달 7개, 은메달 11개, 동메달 17개로 총35개의 메달을 획득하여 종합순위 20위를 기록했다.
<출처>
- 2016 리우패럴림픽대회, 대한장애인체육회
- [2016 패럴림픽] '완벽' 리우패럴림픽, '흥행+운영' 10점 만점에 10점, 이원희, STN sports 2016.09.19.
- [패럴림픽 결산③] 열정적으로 패럴림픽을 사랑한 브라질, 참 부럽습니다, 이보미, STN sports 2016.09.19.",">
- 2016 리우패럴림픽대회, 대한장애인체육회
- [2016 패럴림픽] '완벽' 리우패럴림픽, '흥행+운영' 10점 만점에 10점, 이원희, STN sports 2016.09.19.
- [패럴림픽 결산③] 열정적으로 패럴림픽을 사랑한 브라질, 참 부럽습니다, 이보미, STN sports 2016.09.19."
2016년 리우데자네이루 하계올림픽(제31회 리우하계올림픽),2016-08-05,2016-07-26,2016-08-26,예술,"오락,스포츠","1,171",10,361,0,"2016년 8월 5일부터 8월 21일까지 개최된 2016 리우데자네이루 하계 올림픽(이하 ‘리우올림픽’)은 IOC출범 122년 만에 처음으로 남아메리카 대륙에서 열린 올림픽이었다. ‘새로운 세상(New World)’을 슬로건으로 한 리우올림픽은 역대 최다인 206개국, 10,903명의 선수가 참가하여 총 28종목의 금메달 306개를 놓고 치열한 승부를 전개했다. 리우 올림픽은 올림픽 역사상 처음으로 내전으로 나라를 잃은 10명의 선수(남수단 5명, 시리아 2명, 콩고민주공화국 2명, 에티오피아 1명)가 난민대표팀(Team Refugee Olympic Athletes)으로 출전하였다.
우리나라는 임원 129명, 선수 204명이 참가하여, 골프, 근대5종, 다이빙, 레슬링 등의 25개 종목에 출전하였고, 총 21개(금 9, 은 3, 동 9)의 메달을 획득하였다.
<출처>
- 대한체육회 홈페이지
- <리우 D-30> ① 지구촌 스포츠 축제 '한 달 앞으로', 고일환, 연합뉴스 2016.07.04.
- <올림픽 결산> ② 남미 첫 올림픽의 빛과 그림자, 배진남, 연합뉴스 2016.08.21
- 정영재, 김원 Forbes(포브스) 201609호 (2016.08.23.)
- [리우올림픽 개막식] 난민팀, 206번째로 입장…올림픽 사상 첫 등장, 온라인 이슈팀, MBN 2016.08.06.",">
- 대한체육회 홈페이지
- <리우 D-30> ① 지구촌 스포츠 축제 '한 달 앞으로', 고일환, 연합뉴스 2016.07.04.
- <올림픽 결산> ② 남미 첫 올림픽의 빛과 그림자, 배진남, 연합뉴스 2016.08.21
- 정영재, 김원 Forbes(포브스) 201609호 (2016.08.23.)
- [리우올림픽 개막식] 난민팀, 206번째로 입장…올림픽 사상 첫 등장, 온라인 이슈팀, MBN 2016.08.06."
2016년 고고도미사일방어체계(사드•THAAD)의 한반도 배치 결정,2016-07-08,2016-07-14,2016-07-22,사회과학,정치학,519,67,26,0,"한반도 사드배치에 대한 언급은 2011년 당시 주한미군사령관이 미 의회 청문회에서 주한미군에 사드를 배치할 필요가 있다고 함에 따라 시작되었으며, 2014년 9월에는 미국이 사드의 한국 배치 가능성을 타진하기 위해 부지 및 군사적 영향 등에 대한 현장 조사를 마쳤다고 알려졌다. 2014년 9월 30일(현지 시각) 로버트 워크 미국 국방부 부장관은 미국외교협회(CFR) 주최 간담회에서 사드 포대를 한국에 배치하는 것도 고려하고 있고, 사드 배치가 맞는 일인지를 결정하기 위해 한국 정부와 협의하고 있다고 말했으나 우리 국방부 관계자는 부인하였다.
2015년 3월 17일 국방부는 주한미군의 고고도 미사일 방어체계(THAAD) 배치에 대해 “미국 정부가 결정해 협의를 요청해올 경우 군사적 효용성, 국가안보 이익 등을 고려해 우리 주도로 판단하고 결정할 계획”이라고 밝혔다.
2016년 2월 7일 국방부는 주한미군 사드(THAAD) 배치 관련 한미 공동 발표문을 통해 한·미, 한반도 사드 배치 가능성에 대한 공식 협의를 시작한다고 밝혔다.
2016년 7월 8일 국방부 국방정책실장과 미8군 사령관은 북한의 핵과 미사일 위협에 대응하기 위하여 고고도 미사일방어체계 사드(THAAD)를 주한미군에 배치하기로 한미동맹 차원에서 결정하였다고 공식 발표하였다. 한미공동실무단은 7월 13일 경북 성주읍 성산리의 공군 방공기지인 성산포대에 배치하기로 공식 발표하였다가 9월 30일 국방부는 경북 성주군 초전면 달마산을 주한미군의 사드배치 대체 부지로 확정하였다.
<출처>
- 미 ‘사드’ 한국 배치부지 조사 끝냈다. 황경상, 경향신문, 2014.09.01
- [종합]한·미, 고고도 미사일 '사드' 한반도 배치 놓고 진실공방. 김훈기. Newsis, 2014.10.01
- 美사드(高고도 미사일 방어체계) 한국배치 결정된 듯… 시기 조율만 남아. 유용원, 조선일보, 2014.10.02.
- “사드 배치, 韓美 공식 협의한 적 없다”, 이석종, 국방일보, 2014.10.6.
- “美 사드 배치 협의 요청 시 우리 주도로 판단·결정할 것”, 이석종 기자, 2015.3.18. 국방일보
- (보도자료) 주한미군 사드(THAAD) 배치 관련 한미 공동 발표문, 국방부, 2016.2.7.
- (보도자료) 한미, 주한미군 사드 배치 부지 발표, 국방부, 2016.7.13.
- 사드 부지 '성주군 달마산' 확정···배치 속도 낸다, 윤병노, 국방일보, 2016.10.4.",">
- 미 ‘사드’ 한국 배치부지 조사 끝냈다. 황경상, 경향신문, 2014.09.01
- [종합]한·미, 고고도 미사일 '사드' 한반도 배치 놓고 진실공방. 김훈기. Newsis, 2014.10.01
- 美사드(高고도 미사일 방어체계) 한국배치 결정된 듯… 시기 조율만 남아. 유용원, 조선일보, 2014.10.02.
- “사드 배치, 韓美 공식 협의한 적 없다”, 이석종, 국방일보, 2014.10.6.
- “美 사드 배치 협의 요청 시 우리 주도로 판단·결정할 것”, 이석종 기자, 2015.3.18. 국방일보
- (보도자료) 주한미군 사드(THAAD) 배치 관련 한미 공동 발표문, 국방부, 2016.2.7.
- (보도자료) 한미, 주한미군 사드 배치 부지 발표, 국방부, 2016.7.13.
- 사드 부지 '성주군 달마산' 확정···배치 속도 낸다, 윤병노, 국방일보, 2016.10.4."
2016년 브렉시트 Brexit,2016-06-23,2016-07-14,2016-07-28,사회과학,경제학,144,171,10,0,"<배경>
브렉시트는 영국(Britain)과 출구(Exit)의 합성어로 ‘영국의 EU 탈퇴’를 일컫는 말이다. EU 회원국은 공동정부 운영을 위해 경제 규모에 따라 부담금을 내게 되는데 2014년 현재 영국의 부담금은 49억 유로(약 6조4500 억원)으로 독일, 프랑스에 이어 3번째이었다. 반면 영국이 EU로부터 받는 예산 규모는 회원국 중 12번째로서 독일, 프랑스와 비교해도 상대적으로 적어 불만이 쌓여 갔다. EU 회원국 간의 인구이동을 제한하지 않는 EU정책에 따라 서유럽으로 이주한 동유럽의 이민자는 초창기, 출산율이 낮은 서유럽 국가에게는 경제 성장의 원동력이 되었다. 그러나 2008년 세계 금융 위기와 2010년 유럽 재정 위기를 거치면서 이민자들에 대한 복지 부담은 늘어나게 되어 재정 악화가 가속되었다. 게다가 자국민의 일자리 부족 현상은 지속적으로 증가하자 영국을 중심으로 이민자 제도를 손봐야 한다는 목소리는 높아지고 있었고, 최근에는 시리아 및 중동 난민의 대규모 유입으로 영국민의 위기 의식은 증가하게 되었다.

<경과>
데이비드 캐머런은 보수당내 EU 탈퇴파를 달래고 총선에 이기기 위하여, 총선공약으로 ‘유럽연합 탈퇴 국민투표 시행’을 공약으로 내세웠고, 2015년 5월 7일 실시된 영국 총선에서 데이비드 캐머런 총리가 이끄는 집권 보수당이 과반 의석을 훨씬 뛰어 넘는 압승을 거두었다. 이로써 브렉시트 논의는 급물살을 타게 되었다.
브렉시트 찬성 진영은 EU가 회원국에서 거주 및 취업의 자유를 준 이래 끊임없이 이민문제가 발생했다고 보며, 이민 유입은 영국의 저소득층 일자리를 위협하고 있으므로 EU를 탈퇴해야 국경을 완벽히 통제할 수 있고 자체 입국 원칙을 만들어 이민 유입을 억제할 수 있다고 주장하였다. 더불어 EU를 사실상 독일이 주도하고 있으며, EU정책에 따라 영국이 좌지우지되고 있다고 불만을 품고 있었다.
브렉시트 반대 진영은 브렉시트가 현실화되면 2년 뒤 국내총생산(GDP) 성장률은 현재보다 3% 가량 하락하는 등 경제위기가 닥칠 수 있으며, 장기적으로는 300억파운드(약50억)의 재정 부족이 발생할 수 있으므로 세금을 올리고 복지 지출을 축소하는 ‘비상 예산’을 나올 것이라고 주장하였다. 이들은 영국이 EU회원국이 되면서 경제와 안보가 향상되었으며 영국기업의 다른 EU회원국의 수출입도 자유로워졌고, 영국인들이 다른 나라에서 거주하거나 일할 수 있는 선택권이 훨씬 많아졌다고 주장하였다.
2015년 11월, 데이비드 캐머런 총리는 영국의 EU잔류를 위한 4가지 요구사항을 EU에게 제시하였다. 4가지 요구사항은 ▲영국의 유럽 단일시장 접근 보장하되 비유로존 국가인 영국을 위한 안전장치 마련, ▲EU 의회가 제정한 법률 거부 허용, ▲EU 경쟁력 강화를 위한 규제 축소, ▲이민자 복지 축소 등이다.
EU입장에서는 EU 전체 경제규모 중 15% 이상을 차지하는 영국의 탈퇴는 큰 타격이 되며, 영국의 탈퇴는 덴마크, 체코 등과 같이 EU 잔류를 회의적으로 보는 국가들의 연쇄 탈퇴로 이어질 수 있기 때문에 민감한 사안이었다. 그렇기에 영국의 요구조건을 대부분 받아 들여 졌다. 그러나 2016년 6월23일 EU 탈퇴의 찬반을 묻는 국민투표는 실시되었다. 2016년 6월 24일 개표 결과 탈퇴 52%, 잔류 48%로 EU 탈퇴파들이 승리하게 되었다. 브렉시트가 결정되자 잔류를 지지한 스코틀랜드와 북아일랜드는 강하게 반발하였고, EU은 신속한 결별 절차 이행을 요구하고 나셨다. 브렉시트 국민투표에 대한 책임을 지고 캐머런 총리는 물러나고 2016년 7월 테레사 메이가 영국 총리로 취임하여 브렉시트 이후 탈퇴협상을 진행하게 되었다.

<출처>
- [정리뉴스]브렉시트 총정리. 이재덕, 경향신문 향이네, 2016.06.18
- [영국 오늘 브렉시트 투표]제 꾀에 넘어간 캐머런…총리관저 내줄 수도
- [브렉시트 2016] 영국, 왜 EU 탈퇴하려 하나...브렉시트 15문 15답. 이윤정, 조선비즈, 2016.09.06
- 캐머런, EU 잔류 위한 4개 조건 제시, 조기원, 한겨레, 2015.11.11
- '복지관광' 비아냥 듣는 東유럽 이민자들…'하나의 유럽' 갈라놓다. 김은정, 한국경제, 2014.11.17
- 영국은 왜 유럽연합(EU)를 탈퇴하려고 하나: 브렉시트에 대해 당신이 알아야 할 6가지. 중앙일보디지털제작실, 발행일불명
- '브렉시트 저지' EU개혁안 타결…英 EU잔류 박차(종합). 손미혜, news 1, 2016.02.20
- 브렉시트 Q&A 5문 5답…왜 떠나려하고 붙잡으려 하나. 심재훈, 연합뉴스, 2016.06.22",">
- [정리뉴스]브렉시트 총정리. 이재덕, 경향신문 향이네, 2016.06.18
- [영국 오늘 브렉시트 투표]제 꾀에 넘어간 캐머런…총리관저 내줄 수도
- [브렉시트 2016] 영국, 왜 EU 탈퇴하려 하나...브렉시트 15문 15답. 이윤정, 조선비즈, 2016.09.06
- 캐머런, EU 잔류 위한 4개 조건 제시, 조기원, 한겨레, 2015.11.11
- '복지관광' 비아냥 듣는 東유럽 이민자들…'하나의 유럽' 갈라놓다. 김은정, 한국경제, 2014.11.17
- 영국은 왜 유럽연합(EU)를 탈퇴하려고 하나: 브렉시트에 대해 당신이 알아야 할 6가지. 중앙일보디지털제작실, 발행일불명
- '브렉시트 저지' EU개혁안 타결…英 EU잔류 박차(종합). 손미혜, news 1, 2016.02.20
- 브렉시트 Q&A 5문 5답…왜 떠나려하고 붙잡으려 하나. 심재훈, 연합뉴스, 2016.06.22"
2016년 강남역 살인사건,2016-05-17,2017-06-20,2017-07-05,사회과학,"사회학,사회문제",342,13,20,1,"2016년 5월 17일 새벽 1시, 강남역 인근 상가 남녀공용화장실에서 20대 여성이 30대 남성 에게 흉기로 수차례 찔려 사망했다. 피해자의 지인이 피해자가 화장실에서 돌아오지 않자 화장실로 들어가 살해당한 피해자를 1시 25분경 발견하여 경찰에 신고했고 경찰은 오전 10시경 흉기를 소지한 피의자 김씨를 검거했다.
18일 오전 사건이 언론에 보도되자 SNS를 통해 사건 소식이 전해지며 수많은 시민들이 분노했고 피해자에 대한 추모 행렬이 이어졌다. 강남역 10번 출구에는 피해자를 추모하는 포스트잇이 붙여지기 시작했으며 꽃다발과 촛불 등이 놓였다.
경찰은 이 사건을 정신질환자의 피해망상에 의한 ‘묻지마 살인’으로 결론을 내렸으나 SNS 등 인터넷에서는 김씨가 경찰조사 과정에서 ‘여자들이 자기를 무시해 범행을 저질렀다’고 진술한 데에 주목하며 ‘강남역 살인사건은 여성혐오 범죄다’라는 주장이 대두되었다. 강남역 살인사건을 목격한 수많은 여성들은 그 자리에 ‘내’가 없었을 뿐, 여성이라면 누구에게나 벌어질 수 있는 일이라고 생각했고, 우리 사회적으로 구조화된 ‘여성혐오’ 인식이 변화해야한다고 주장했다. 이를 계기로 여성의 권리와 안전을 주장하는 페미니스트들의 목소리가 커졌고 이에 대한 시민사회의 논의도 활발해졌다.
강남역 살인사건을 여성혐오 범죄로 보는 네티즌과 이에 반박 논리를 펼치는 쪽이 맞서며 이슈화되어 한국사회에 만연한 남녀갈등이 불거져 표면화되는 계기가 되기도 하였다. 정치권에서도 더불어민주당은 이를 ‘묻지마 범죄’로 보는 반면, 국민의당, 정의당, 노동당, 녹색당은 ‘여성혐오 범죄’로 보는 등 시각차를 보였다.
한편, 2017년 4월 13일, 대법원에서 피의자 김씨가 낸 상고심을 무변론 기각함에 따라 피의자 김씨는 징역 30년형과 전자발찌 부착 20년형이 최종 확정되었다.

<출처>
- 강남역 살인사건, 여성은 왜 ‘살아남았다’라고 쓰나 / 박소영. 한국일보. 2016.05.19.
(http://www.hankookilbo.com/v/d308543c366347e88b52e54b02ebd3e8)
- 강남역 살인사건 1주기…네티즌 ""조현병 환자의 묻지마 범죄다"" VS ""이것은 여성혐오 범죄다"" / 이재영. 이투데이. 2017.05.17
(http://www.etoday.co.kr/news/section/newsview.php?idxno=1491996#csidxaa961ce46fd65b19460f1ab46470eb4)
- 檢 ""강남 묻지마 살인 '여혐' 아닌 정신질환자 범행"" / 이보배. 연합뉴스. 2016.07.10.
(http://www.yonhapnews.co.kr/bulletin/2016/07/09/0200000000AKR20160709054700004.HTML?from=search)",">
- 강남역 살인사건, 여성은 왜 ‘살아남았다’라고 쓰나 / 박소영. 한국일보. 2016.05.19.
(http://www.hankookilbo.com/v/d308543c366347e88b52e54b02ebd3e8)
- 강남역 살인사건 1주기…네티즌 ""조현병 환자의 묻지마 범죄다"" VS ""이것은 여성혐오 범죄다"" / 이재영. 이투데이. 2017.05.17
(http://www.etoday.co.kr/news/section/newsview.php?idxno=1491996#csidxaa961ce46fd65b19460f1ab46470eb4)
- 檢 ""강남 묻지마 살인 '여혐' 아닌 정신질환자 범행"" / 이보배. 연합뉴스. 2016.07.10.
(http://www.yonhapnews.co.kr/bulletin/2016/07/09/0200000000AKR20160709054700004.HTML?from=search)"
"2016년 한강 작가, 맨부커상 인터내셔널부문 수상",2016-05-16,2016-11-01,2016-12-01,문학,한국문학,50,1,12,0,"작가 한강은 소설<채식주의자>로 2016년 맨부커상 인터내셔널부문(Man Booker InternationalPrize)에서 영국인 번역가 데버러 스미스와 공동 수상하였다.
<채식주의자>는 2004년 계간 ‘창작과 비평’에 처음 발표된 작품으로 ‘채식주의자’, ‘몽고반점’, ‘나무불꽃’을 하나로 연결한 연작소설이며, 2007년 단행본<채식주의자>으로 출간되었다. 2015년 1월에는 영국 포르토벨로 출판사(Portobello Books)에서 ‘The Vegetarian’이란 제목으로 출간되었으며, 같은 제목으로 2016년 2월 미국 호가드출판사(Hogarth)에서 출간되었다. The Vegetarian에 대하여 맨부커상 심사위원회는 “압축적이고 정교하고 충격적인 소설이 아름다움과 공포의 기묘한 조화를 보여줬다”라고 평하였다.

<출처>
- '축하합니다, 한강!' 한국인 최초 맨부커상 수상 (인터파크북DB, 2016.05.17)",">
- '축하합니다, 한강!' 한국인 최초 맨부커상 수상 (인터파크북DB, 2016.05.17)"
제 20대 국회의원선거,2016-04-13,2016-03-21,2016-05-10,사회과학,정치학,355,881,407,0,"임기가 2016년 5월30일부터 2020년 5월29일까지인 제20대 국회의원을 선출하는 4.13총선이 2016년 4월 13일 수요일에 실시되었다. 전국투표율은 58.0%으로 유권자수 42,100,398명중에서 24,430,746명이 투표하였으며, 이들 중 20대의 투표율은 49.4%, 30대 투표율은 49.5%로써 19대 총선 때 보다 약 7%와 4%가 증가한 것으로 나타났다. 또한 4.13 총선에 참여한 재외유권자 58.9%가 더불어민주당 후보에게 투표한 것으로 나타났고 새누리당 후보는 23.8% 득표율을 보였다.
정당별 획득 의석수를 살펴보면 새누리당 122석 (지역구 105석, 비례대표 17석), 더불어민주당 123석 (지역구 110석, 비례대표 13석), 국민의 당 28석 (지역구 25석, 비례대표 13석), 정의당 6석(지역구 2석, 비례대표 4석), 무소속 지역구 11석으로 나타났다.


<출처>
- 중앙선거관리위원회 (http://info.nec.go.kr/)
- <이슈> 2016 4.13 총선, 경향신문 ( http://vote2016.khan.co.kr/)
- <특집> 2016 국민의 선택, SBS뉴스
- Daum 뉴스 x SBS 2016 국민의 선택 4.13총선(http://media.daum.net/m/election/2016/0413/)
- 중앙선거관리위원회 블로그 “정정당당스토리”(http://blog.nec.go.kr/220729889343)
- NAVER뉴스 ‘2016 제20대 국회의원선거“",">
- 중앙선거관리위원회 (http://info.nec.go.kr/)
- <이슈> 2016 4.13 총선, 경향신문 ( http://vote2016.khan.co.kr/)
- <특집> 2016 국민의 선택, SBS뉴스
- Daum 뉴스 x SBS 2016 국민의 선택 4.13총선(http://media.daum.net/m/election/2016/0413/)
- 중앙선거관리위원회 블로그 “정정당당스토리”(http://blog.nec.go.kr/220729889343)
- NAVER뉴스 ‘2016 제20대 국회의원선거“"
2016년 이세돌-구글 알파고 대국,2016-03-09,2016-07-12,2016-07-12,총류,총류,97,6,0,0,"인공지능을 개발하던 기업인 딥마인드(Deepmind)는 2014년 구글에 인수되었다. 구글은 ‘알파벳’이라는 지주회사를 설립하고 연구분야에 맞춰 별도의 독립법인을 세우면서 딥마인드는 ‘구글딥마인드’라는 이름의 별도의 회사가 되었다. 딥마인드는 비디오게임과 바둑과 같은 창의적인 게임을 할 수 있는 인공지능 개발에 나섰고, DQN(deepQ-network)과 알파고를 개발했다. 알파고(AlphaGo)는 구글의 지주회사이름인 ‘알파벳’에 바둑을 의미하는 영어단어 ‘고(go)’를 더해 만든 이름으로 인공지능 바둑프로그램이다.
알파고는 딥 러닝으로 최적의 수를 찾아 두므로 다른 바둑 프로그램과 벌인 대결에서 승률 99.8%를 기록하며 모두 승리하였다. 2015년 10월 알파고는 유럽 바둑 챔피언이자 중국 프로 바둑기사인 판후이 2단과의 공식 대결하면서 5번 모두 승리하였다. 이는 인공지능(AI)가 프로 바둑기사와 겨룬 바둑대결에서 사상 최초로 완승을 거둔 것이었다.
구글 딥마인드는 ‘구글 딥마인드 챌린지 매치(Google Deepmind Challenge match)’를 주최하여 이세돌 9단에게 도전하였다. 알파고와 이세돌 9단과의 대결은 5판 중 3판을 이기는 쪽이 우승 상금 100만 달러(고정환율 11억)을 받게 되어 있었으며, 이세돌 9단은 5판을 치르는 조건으로 15만 달러(고정환율 1억 6천500만원)의 대국료를 받기로 하였다. 알파고는 이세돌 9단과의 대국을 4대 1의 승리로 끝냈다. 이세돌 9단은 4국에서 알파고의 ‘버그’을 이끌어 내며 처음으로 승리하였으나 5국 마지막 대결에서는 아쉽게 역전패하고 말았다.
이로써 우승상금 100만 달러는 알파고가 받게 되었으며, 알파고를 개발한 구글 딥마인드는 이 상금을 유니세프와 STEM(과학, 기술, 공학, 수학) 교육 및 바둑 관련 자선단체에 기부하기로 하였다.

<출처>
- [알파고: 진화의 시작] 알파고는 '누구'인가?.강일용, iT dongA, 2016.03.10
- 프로 바둑기사 이긴 구글 인공지능 ‘알파고’ 승리 비결은?. 동아사이언스, 2016.01.28
- 이세돌 또 불계패로 3연패…인공지능에 무너진 4천년 바둑(3보), 김태균∙최인영∙차병섭, 연합뉴스, 2016.03.12
- 이세돌, 5시간 접전 끝 패배…세기의 대국 1승4패로 마감(종합2보). 최인영∙윤보람∙차병섭, 연합뉴스, 2016.03.15
- [인간 대 AI]알파고 어떻게 생겼나. 장윤희, Newsis, 2016.03.10",">
- [알파고: 진화의 시작] 알파고는 '누구'인가?.강일용, iT dongA, 2016.03.10
- 프로 바둑기사 이긴 구글 인공지능 ‘알파고’ 승리 비결은?. 동아사이언스, 2016.01.28
- 이세돌 또 불계패로 3연패…인공지능에 무너진 4천년 바둑(3보), 김태균∙최인영∙차병섭, 연합뉴스, 2016.03.12
- 이세돌, 5시간 접전 끝 패배…세기의 대국 1승4패로 마감(종합2보). 최인영∙윤보람∙차병섭, 연합뉴스, 2016.03.15
- [인간 대 AI]알파고 어떻게 생겼나. 장윤희, Newsis, 2016.03.10"
2016년 북한 장거리로켓(미사일) 발사에서 개성공단 전면중단까지,2016-02-07,2016-11-10,2016-12-10,사회과학,정치학,"1,253",86,1,0,"2016년 2월 7일 오전 9시30분(평양시간 9시) 북한이 7일 오전 9시30분(평양시간 9시)께 전격적으로 평안북도 철산군 동창리에서 장거리 로켓(미사일), 일명 ‘광명성’을 발사했다. 북한 국가우주개발국은 이날 ""새로 연구개발한 지구관측위성 광명성 4호를 궤도에 진입시키는 데 완전 성공 했다""고 발표했으며, 우리 군도 북한이 발사한 장거리 미사일에 탑재된 위성체가 궤도에 진입한 것으로 평가했다. 북한은 장거리 미사일 발사를 인공위성 발사라고 주장했지만, 한국과 미국, 일본은 이를 대륙간탄도미사일(ICBM) 시험발사로 규정, 강력히 규탄했다.
2016년 2월 10일 대한민국 정부는 성명을 통해 더 이상 개성공단 자금이 북한의 핵과 미사일 개발에 이용되는 것을 막고, 우리 기업들이 희생되지 않도록 하기 위해 개성공단을 전면중단하기로 결정했다고 밝혔다. 이에 2016년 2월 11일 북한은 조국평화통일위원회 명의의 성명을 통해 우리 정부 개성공단 전면 중단 조치가 6·15 남북공동선언의 전면부정이며 한반도 정세를 대결과 전쟁의 최극단으로 몰아가는 위험천만한 선전포고라고 주장하였다.
개성공단에 입주한 124개의 기업들은 2월11일 순차적으로 철수하였다.

<출처>
- 북한, 장거리 미사일 발사…北 ""완전성공""·정부 ""극단적 도발"", 연합뉴스, 2016.02.07.
- [北 조평통 성명 전문] ""개성공단 중단 조치는 남북관계 파탄선언“, 최은경, 조선일보, 2016.02.11.
- 개성공단 전면 중단 관련 정부 성명, 통일부, 2016.02.10",">
- 북한, 장거리 미사일 발사…北 ""완전성공""·정부 ""극단적 도발"", 연합뉴스, 2016.02.07.
- [北 조평통 성명 전문] ""개성공단 중단 조치는 남북관계 파탄선언“, 최은경, 조선일보, 2016.02.11.
- 개성공단 전면 중단 관련 정부 성명, 통일부, 2016.02.10"
4차 산업혁명,2016-01-20,2019-08-20,2019-09-04,기술과학,"전기공학,통신공학,전자공학",113,129,17,1,"1차 산업혁명은 증기기관을 활용하기 시작한 때의 변화를 말하며, 2차 산업혁명은 증기에서 전기와 석유를 활용하게 되는 변화로 20세기 초에 일어난 변화를 말한다. 3차 산업혁명은 20세기 말, 21세기 초에 이루어진 컴퓨터, 인터넷, 인공위성을 발명으로 촉진된 산업혁명으로 정보 혁명이라고도 한다. 이어지는 4차 산업혁명은 인공지능, 빅데이터 등 디지털 기술로 촉발되는 초연결 기반의 지능화 혁명을 의미한다. 특히 네트워크(loT, 5G), 빅데이터(Cloud, Big Data), 인공지능SW(기계학습, 알고리즘) 등 디지털 기술이 각 분야의 기반시설과 융합하여, 급속한 경제, 사회변화를 일으키고 있다.
<출처>
대통령직속 4차 산업혁명위원회 홈페이지 (https://www.4th-ir.go.kr/)
문화체육관광부 홈페이지 (http://www.mcst.go.kr/main.jsp)
과학기술정보통신부 홈페이지 (https://www.msit.go.kr/web/main/main.do)",">
대통령직속 4차 산업혁명위원회 홈페이지 (https://www.4th-ir.go.kr/)
문화체육관광부 홈페이지 (http://www.mcst.go.kr/main.jsp)
과학기술정보통신부 홈페이지 (https://www.msit.go.kr/web/main/main.do)"
2016년 북한 4차 핵실험,2016-01-06,2016-01-11,2016-01-19,사회과학,정치학,372,52,0,0,"2016년 1월 6일 북한은 수소폭탄 시험(4차 핵실험)에 성공했다고 밝혔다. 이에 대한민국 정부는 북한이 핵실험에 상응한 대가를 치르도록 동맹국과 긴밀히 협력해 안보리 차원의 추가제재 조치를 포함한 모든 조치를 하겠다고 밝혔다. 1월 7일 정부는 북한의 4차 핵실험을 비정상적 사태로 규정하고, 국제사회에 대한 약속과 의무를 정면으로 위배하였으며, 2015년 ‘8·25 남북합의’에 대한 중대한 위반이므로 1월 8일 정오부터 대북 확성기 방송을 전면 재기하기로 결정하였다고 발표하였다. 대북 확성기 방송은 비정상적인 사태가 발생하지 않는 한 군사분계선 일대의 모든 확성기 방송은 중단하기로 명시된 2015년 ‘8·25 남북합의’에 따라 중단되었다가 5개월 만에 다시 재개되었다.

<출처>
- [북한 4차 핵실험] 정부 ""북한 핵실험 강행 강력히 규탄"", 신용호, 중앙일보, 2016.01.06
- 북한, 수소탄 핵실험 전격 실시…""성공적으로 진행""(종합), 정규득, 이상현, 연합뉴스 2016.01.06.
- 정부 ""안보리 제재 포함 모든 조치 취할 것""… 北수소탄 실험 강력 규탄, 정일환, NEWSIS 2016.01.06
- [北수소탄 실험]대북 확성기 재개…남북 군사적 긴장상태 최고조, 장민성, NEWSIS 2016.01.07",">
- [북한 4차 핵실험] 정부 ""북한 핵실험 강행 강력히 규탄"", 신용호, 중앙일보, 2016.01.06
- 북한, 수소탄 핵실험 전격 실시…""성공적으로 진행""(종합), 정규득, 이상현, 연합뉴스 2016.01.06.
- 정부 ""안보리 제재 포함 모든 조치 취할 것""… 北수소탄 실험 강력 규탄, 정일환, NEWSIS 2016.01.06
- [北수소탄 실험]대북 확성기 재개…남북 군사적 긴장상태 최고조, 장민성, NEWSIS 2016.01.07"
2016년 10대 뉴스,2016-01-01,2016-12-16,2016-12-30,총류,"신문,저널리즘",294,14,0,0,"매년 연말이 되면 주요 언론 및 정부기관, 지방자치단체, 각종 단체에서는 한 해를 정리하는 의미에서 국내외 사건, 인물을 비롯한 각 분야에서의 화제가 되었던 뉴스를 선정하여 10대 뉴스로 발표하였다. 2016년 언론이 뽑은 국내 10대 뉴스에는 최순실 국정농단 파문과 박근혜 대통령 탄핵, 촛불집회, 경주 지진, 4.13 총선, 김영란법 시행, 조선업 구조조정, 알파고-이세돌 대국, 사드 배치, 강남역 살인사건 등의 뉴스가 선정되었다.

<출처>
- 연합뉴스 선정 2016 10대 국내뉴스 / 연합뉴스. 2016.12.15.
(http://www.yonhapnews.co.kr/bulletin/2016/12/14/0200000000AKR20161214073400005.HTML)
- 국정농단·김영란법…한겨레가 뽑은 ‘국내 10대 뉴스’ / 한겨레. 2016.12.27.
(http://www.hani.co.kr/arti/politics/politics_general/776253.html#csidxdcf13cfc41f32eaa3033d5f40145b9b)",">
- 연합뉴스 선정 2016 10대 국내뉴스 / 연합뉴스. 2016.12.15.
(http://www.yonhapnews.co.kr/bulletin/2016/12/14/0200000000AKR20161214073400005.HTML)
- 국정농단·김영란법…한겨레가 뽑은 ‘국내 10대 뉴스’ / 한겨레. 2016.12.27.
(http://www.hani.co.kr/arti/politics/politics_general/776253.html#csidxdcf13cfc41f32eaa3033d5f40145b9b)"
2016년 국제회의 및 컨퍼런스,2016-01-01,2016-05-04,2016-05-16,총류,"일반학회,단체,협회,기관,연구기관",23,29,8,0,"국내에서 개최되는 국제 회의, 국제 학술회의, 국제 포럼, 국제 심포지움, 세미나 등에 관한 사이트를 수집하여 제공한다.",
국제상을 수상한 한국그림책,2016-01-01,2016-05-20,2016-05-26,문학,한국문학,160,7,15,1,"1987년 강우현의 <사막의 공룡>은 한국그림책으로써는 최초로 브라티슬라바 일러스트 비엔날레(Biennial of Illustrations Bratislava, BIB)에서 황금패를 받았다. 그 이후로 한국 그림책은 작품성이 뛰어난 일러스트레이션과 매우 독특하고 현대적인 그림으로 예술성과 시장성을 겸비하고 있다는 평을 받으며 해외로부터 주목을 받고 있다. 특히 2015년도에는 볼로냐아동도서전(Bologna Children’s Book Fair)에서 ‘라가치상 전 부문석권’이라는 놀라운 성과를 올렸으며, 이수지 작가는 <파도야 놀자>로 아동 문학의 노벨상으로 불리우는 한스 크리스티안 안데르센상(Hans Christian Andersen Award)의 최종 후보에까지 올랐다.
백희나 작가는 2004년에 출간한 첫 창작 그림책 《구름빵》으로 2005년 볼로냐아동도서전에서 올해의 일러스트레이터로 선정되었으며, 2020년 3월 31일(현지시간) 아동문학계의 노벨상이라고 불리는 '아스트리드 린드그렌상'을 수상했다.
<출처>
- 세계가 주목한 한국 그림책, 현실은 '1쇄 작가' , 우상숙, 오마이뉴스, 2016.06.08
- 한국 그림책, 한류가 되다, 맘&앙팡, 2011년12월
- 위키백과",">
- 세계가 주목한 한국 그림책, 현실은 '1쇄 작가' , 우상숙, 오마이뉴스, 2016.06.08
- 한국 그림책, 한류가 되다, 맘&앙팡, 2011년12월
- 위키백과"
만화에서 웹툰까지,2016-01-01,2016-09-09,2016-09-30,예술,"회화,도화,디자인",915,25,98,0,"근대 한국만화의 효시는 1909년 대한민보 창간호에 실린 이도영 화백의 시사만화이며, 1924년부터 조선일보에 연재된 노수현의 ‘멍텅구리 헛물켜기’는 서양의 신문연재만화의 컨벤션을 받아들인 최초의 작품이었다. 1945년 해방 이후에는 시사만화, 어린이만화, 만화잡지 등이 본격적으로 생겨났으며, 1948년 9월 15일 우리나라 최초의 만화잡지인 '만화행진'이 창간한다.
1950년대 후반, 만화를 저가로 빌려주는 만화방이 등장하게 하는데, 이 시기에 한국만화는 전통적 사극, 괴담만화, SF만화, 모험만화, 검술만화, 명량만화 등 다양한 장르로 분화되었다. 1961년 5·16 군사정변 이후 시작된 사전검열제도와 1966년 합동출판사의 독점체계는 만화시장을 위축시켰고, 만화는 명량만화와 성인만화라는 2가지 양상으로 발전하였다. 1960년~1970년대 박정희 정부는 만화를 밀수, 탈세, 도박, 마약, 폭력과 더불어 사회 6대악의 하나로 규정하였다. 이에 따라 만화는 사전검열과 심의를 받게 되었고, ‘만화 안보기 운동’과 ‘만화 불태우기 행사’가 열리기도 했다. 1980년부터 1990년대는 이현세의 공포의 외인구단으로 장편 서사만화의 붐이 일어난다. 이 시기에는 만화만을 수록하는 월간지 보물섬이 1982년 창간되었으며, 1988년에는 주간지 아이큐점프, 1991년 소년챔프가 창간된다. 아이큐점프와 소년챔프는 연재된 만화가 연재 종료 되면 단행본으로 출판하고, 인기투표로 순위집계하며 기자와 작품을 관리하는 일본식 만화시스템을 도입하였다. 일본식 만화시스템의 도입으로 주간 소년만화잡지를 축으로 잡지의 연령별 분화가 이루어졌다. 1990년 무한 경쟁하던 스포츠 신문 3사는 이름 있는 중견 만화가의 만화를 연재하게 되고 사람들은 신문으로 만화를 쉽게 접할 수 있게 된다. 1997년 11월에 터진 IMF로 그 동안의 왜곡된 시장에 적용된 일본식 만화시스템의 모순도 그대로 드러나게 되었으나 만화 연출기술도 발전하여 3차원을 보다 효과적으로 표현할 수 있는 다양한 쇼트와 앵글로 시도되었다. 칸과 칸의 연출을 통한 화면연출의 기법도 다양해졌으며 지면의 양도 늘어나 이야기 보다는 이미지를 중시하는 만화가 늘어났다. 만화는 다른 매체보다 가장 빠르게 디지털시대와 이미지 시대에 적응하게 되는데 90년대 후반부터 한국만화는 디지털 환경에 적응하며 인터넷을 기반으로 한 인기 만화가 등장한다.
웹툰은 인터넷을 뜻하는 웹(web)과 만화를 의미하는 카툰(cartoon)이 합쳐진 신조어로써 웹사이트에 게재된 세로로 긴 이미지 파일 형식의 만화를 뜻한다. 웹툰이 현재의 형식으로 자리 잡게 된 것에는 만화를 그리는 개인 블로거의 힘이 컸다. 이들은 자신의 홈페이지에 다이어리 형식의 웹툰을 연재하여 큰 인기를 끌었는데 <스노우캣>, <마린 블루스>, <파페포포 메모리즈> 등의 대표적인 작품이라고 할 수 있다. 포털 사이트 다음(Daum)이 2003년 <만화 속 세상>이라는 웹툰 연재 서비스를 개설한 것을 시작으로 대형 포털 사이트들이 웹툰 시장에 본격적으로 뛰어들게 되고, 웹툰은 또 다른 변화를 맞이하며 진화하게 되었다. 무선 인터넷이 되는 스마트폰이 활성화되면서 웹툰을 둘러싼 환경이 급격하게 변하기 시작하였고 웹툰이 흥행할 수 있게 되었다.

<출처>
- 한국만화 100년의 역사와 미래가 숨쉰다, 한겨레신문 2014.02.13.
- 만화! '국가 등록문화재'로 등재되다, 이계은, IBS뉴스 2013.02.06.
- 만화의 역사 3. 우리만화의 역사상, 박인하, 한국문화콘텐츠진흥원 (발행일 불명)
- 한국 만화의 미래, 웹툰을 아십니까?, 안상민, 영산대신문 2015.03.31.
- 교과서 같은 만화를 바라나요?, 한상정, 한겨레21 제895호, 2012.01.19.",">
- 한국만화 100년의 역사와 미래가 숨쉰다, 한겨레신문 2014.02.13.
- 만화! '국가 등록문화재'로 등재되다, 이계은, IBS뉴스 2013.02.06.
- 만화의 역사 3. 우리만화의 역사상, 박인하, 한국문화콘텐츠진흥원 (발행일 불명)
- 한국 만화의 미래, 웹툰을 아십니까?, 안상민, 영산대신문 2015.03.31.
- 교과서 같은 만화를 바라나요?, 한상정, 한겨레21 제895호, 2012.01.19."
2015년 한일 일본군 '위안부' 합의,2015-12-28,2016-01-19,2016-05-19,사회과학,정치학,"1,393",33,19,0,"2015년 12월 28일 한국과 일본 정부는 한·일 외교장관회담 공동기자회견을 통해 일본군 위안부 피해자 문제의 해결 방안에 합의하였음을 발표하였다. 일본 기사다 외무상은 발표문을 통해 아베 내각총리대신은 일본국 내각총리대신으로서 마음으로부터 사죄와 반성의 마음을 표명하며, 한국 정부가 위안부 지원을 목적으로 하는 재단을 설립하고, 이에 일본 정부 예산으로 10억엔을 출연하며, 양국 정부가 협력하여 위안부의 명예와 존엄의 회복 및 마음의 상처 치유를 위한 사업을 행하기로 하였다. 한일 양국은 합의 사항 이행을 전제로, 동 문제가 최종적 및 불가역적으로 해결될 것임을 확인한다고 밝혔다.
한∙일 양국의 이번 합의로 일본군 위안부 해법 타결을 선언하자 이에 반발하여 같은 날 한국정신대문제대책협의회 등 시민단체들은 공동 성명을 발표하고, 2016년 1월 14일에는 개인 336명과 386개 시민단체들로 구성된 ‘한일 일본군 '위안부' 합의 무효와 정의로운 해결을 위한 전국행동’이 발족되었다.
피해 당사자인 일본군 위안부 할머니들과 시민단체 등은 한일 위안부 합의가 ▲위안부 피해 할머니 의견 수렴 부족, ▲’불가역적’이란 표현으로 추가 해결 여지 일축, ▲’위안부 소녀상’ 이전 내용 언급, ▲일본의 법적 책임의 불명확하다고 비판하였다.

<출처>
- 한·일 외교장관회담 공동기자회견 발표 내용, 2015.12.28. 외교통상부 홈페이지
- 일본군‘위안부’ 문제해결을 위한 한일 외교장관 회담 합의에 대한 제 시민사회단체 입장, 한국정신대문제대책협의회 등, 2015.12.28.
- 한일 일본군 ‘위안부’ 문제 합의 무효 전국행동 발족, 은동기, 한국NGO신문, 2016.1.15.",">
- 한·일 외교장관회담 공동기자회견 발표 내용, 2015.12.28. 외교통상부 홈페이지
- 일본군‘위안부’ 문제해결을 위한 한일 외교장관 회담 합의에 대한 제 시민사회단체 입장, 한국정신대문제대책협의회 등, 2015.12.28.
- 한일 일본군 ‘위안부’ 문제 합의 무효 전국행동 발족, 은동기, 한국NGO신문, 2016.1.15."
녹색미래(Green Future),2015-12-12,2021-07-05,2022-12-31,자연과학,지학,664,0,0,0,"인류는 21세기 들어 기후변화의 시대를 맞으며, 지속가능한 성장에 대한 본격적인 논의에 돌입했다. 2015년 12월 12일 파리에서 열린 21차 유엔 기후변화협약 당사국총회(COP21) 본회의에서 195개 당사국이 채택한 파리기후변화협약이 그러한 논의의 대표적인 결과였다. 이 협약은 산업화 이전 수준 대비 지구 평균온도가 2℃ 이상 상승하지 않도록 온실가스 배출량을 단계적으로 감축하는 내용을 담고 있다. 2020년 11월 4일 파리기후변화협약을 탈퇴했던 미국이 2021년 1월 20일 조 바이든 대통령 취임 첫날 협약에 재가입하면서, 기후변화와 지속가능한 성장에 대한 관심은 재확산하고 있다.
친환경정책 및 친환경개발에 대한 관심 속에서 녹색 성장(Green Growth)이 다시금 각광을 받고있다. 녹색성장은 환경(Green)과 성장(Growth) 두 가지 가치를 포괄하는 개념이다. 기존의 경제성장 패러다임을 환경친화적으로 전환하는 과정 중 파생되는 에너지, 환경관련 기술, 산업에서 미래유망 품목과 신기술을 발굴해내고 기존 산업과의 상호융합을 시도해 신성장동력과 일자리를 창출하는 것을 의미한다. 이미 선진국들은 자원의 효율적·환경 친화적 이용에 국력을 집중하고 있다. 녹색산업, 녹색기술이 새로운 성장엔진으로 자리 잡아 가는 것도 같은 맥락이다. 기존의 ‘요소 투입형’ 성장방식은 환경을 해칠 뿐 아니라 경제적으로 한계에 도달했다. 자원과 에너지 가격이 치솟으면서 이들의 대량투입에 의존하는 경제시스템은 지속가능할 수 없게 된 것이다. 특히 자동차 분야의 경우 이미 하이브리드카, 전기차, 수소차 등 저탄소 차량 제작을 위한 치열한 경쟁이 한창이다. 자본 및 제조시장에서도 친환경 시대로 급격한 이동이 일어나고 있는 것이다. 바야흐로 환경(Green)을 도외시하고는 미래도 담보할 수 없는 시대가 도래하였다 할 수 있다.
녹색미래 컬렉션은 기후변화센터·국회기후변화포럼·환경교육포털·기상청 기후변화정보포털·국가에너지통계 종합정보시스템 등 기후 및 환경 관련 기관의 공식 홈페이지, 관련 언론보도, 이미지·웹문서 등으로 구성되어 있다.
<출처>
기후변화센터
(http://www.climatechangecenter.kr/%ea%b8%b0%ed%9b%84%eb%b3%80%ed%99%94%eb%9e%80/)
국가기후변화적응정보포털
(https://kaccc.kei.re.kr/portal/climateChange/climatechange_list.do)
기상청 기후정보포털
(http://www.climate.go.kr/home/01_center/01.html)
다음백과(https://100.daum.net/encyclopedia/view/v200ha422a13)
지식경제용어사전(https://terms.naver.com/entry.naver?docId=301623)
한경 경제용어사전(https://terms.naver.com/entry.naver?docId=3329531&cid=42107)",">
기후변화센터
(http://www.climatechangecenter.kr/%ea%b8%b0%ed%9b%84%eb%b3%80%ed%99%94%eb%9e%80/)
국가기후변화적응정보포털
(https://kaccc.kei.re.kr/portal/climateChange/climatechange_list.do)
기상청 기후정보포털
(http://www.climate.go.kr/home/01_center/01.html)
다음백과(https://100.daum.net/encyclopedia/view/v200ha422a13)
지식경제용어사전(https://terms.naver.com/entry.naver?docId=301623)
한경 경제용어사전(https://terms.naver.com/entry.naver?docId=3329531&cid=42107)"
2015년 김영삼 前대통령 서거,2015-11-22,2015-12-14,2015-12-15,사회과학,행정학,131,13,2,0,"2015년 11월 22일 서거한 김영삼 전 대통령의 장례는 사상 첫 국가장으로 거행되었다. 황교안 국무총리가 장례위원장이 되었으며,, 부위원장은 국회 부의장 2명, 헌법재판소 재판관, 감사원장, 경상남도지사와 유족측 추천인사인 김봉조 전 국회의원 등 6명이 맡았다. 그 외 장례위원으로는 입법․사법‧행정부의 전‧현직 고위공무원과 대학총장‧종교계‧재계․사회각계대표 그리고 유족이 추천한 친지 및 친분이 있는 인사 등이 총 2,222명으로 구성되었다. 전국적으로 23만명이 넘는 조문객이 분향하였으며, 서울 동작동 국립서울현충원에 안장되었다. 박근혜 대통령은 국가장 이틀째인 11월23일과 발인일인 26일 빈소를 찾은 것으로 알려졌다.

<출처>
- 행정자치부 보도자료 ‘故 김영삼 前대통령 국가장 장례위원회 구성’ / 의정관실, 행정자치부, 2015.11.24
- 'YS 국가장 5일' 남긴 기록…전국서 23만8천명 조문 / 하채림, 연합뉴스, 2015.11.27",">
- 행정자치부 보도자료 ‘故 김영삼 前대통령 국가장 장례위원회 구성’ / 의정관실, 행정자치부, 2015.11.24
- 'YS 국가장 5일' 남긴 기록…전국서 23만8천명 조문 / 하채림, 연합뉴스, 2015.11.27"
2015년 제20차 이산가족상봉,2015-10-20,2015-08-31,2015-10-21,사회과학,정치학,77,14,0,1,"2015년 8월25일 판문점 남북 고위 당국자 접촉에서 추석을 계기로 이산가족 상봉으로 진행하기로 하였고, 제20차 이산가족상봉이 10월20일부터 10월26일 2박3일 동안 북한 금강산면회소에서 열렸다. 1차, 2차로 나누어 진행되었으며, 8월 20일부터 진행된 1차 상봉에서는 북측에서 선정한 96가족, 141명이 남측 가족 389명을 만났고, 8월 24일부터 진행된 2차 상봉에서는 남측에서 상봉을 신청한 90가족, 254명이 북측 가족 188명을 만났다.
<출처>
- 통일부 보도자료 ‘남북 적십자 실무접촉 타결’, 남북회담본부 회담3과, 통일부, 2015.09.08
- 이산가족 상봉행사 마무리…기약없는 이별, 김경아, KTV, 2015.10.26
- 이산가족상봉 일정·명단 확정…작별상봉 1시간 늘어, 이상현, 연합뉴스, 2015.10.16",">
- 통일부 보도자료 ‘남북 적십자 실무접촉 타결’, 남북회담본부 회담3과, 통일부, 2015.09.08
- 이산가족 상봉행사 마무리…기약없는 이별, 김경아, KTV, 2015.10.26
- 이산가족상봉 일정·명단 확정…작별상봉 1시간 늘어, 이상현, 연합뉴스, 2015.10.16"
2015년 역사 교과서 국정화,2015-10-12,2017-05-29,2017-06-01,역사,아시아,300,68,48,15,"2015년 10월 12일, 교육부는 2017년부터 중·고교 한국사(역사)교과서를 국정으로 발행한다고 공식 발표했다. 이어 11월 3일 현행 검정 체제에서 국정으로 바꾸는 ‘교과용 도서 구분안’을 확정 고시했다. 교육부는 국사편찬위원회를 편찬 기관으로 지정하고, 2015년 11월부터 1년간 교과서 제작에 들어가기로 계획했다.
정부의 확정 발표가 나오면서 정치권과 시민단체, 학계, 교육계 등의 반응도 양갈래로 나뉘어 찬반 논란이 거세게 일었다. 한국사 교과서 국정화 찬성 측에서는 하나의 역사관으로 통일해야 혼란이 없는 것은 물론 불필요한 이념 논쟁을 줄일 수 있다고 주장했다. 여당을 비롯한 보수진영에서는 민간출판사들의 검정 교과서에서 좌편향 서술이 많기 때문에 이번 기회에 단일 교과서로 밀어붙여야 한다는 입장을 내세웠다.
반면 한국사 교과서 국정화 반대 측에서는 국정화가 역사 인식의 다양성을 훼손하고, 국가에 의해 획일화된 역사관을 주입시킬 우려가 있다며 맞서고 있다. 야당을 비롯한 진보진영에서는 한국사 교과서 국정화는 민주주의에 대한 도전이자, 친일·독재를 미화시킬 수 있다는 우려를 제기하였다.
2016년 11월 28일, 교육부는 온라인을 통해 국정 한국사 교과서의 현장검토본을 공개했다. 아울러 이를 집필한 저자진 46명 중 31명만 공개하였다.
2016년 12월 9일 박근혜 대통령의 탄핵으로 인해 직무가 정지됨에 따라 국정교과서 역시 동력을 잃었고, 시범학교 신청도 경북 문명고등학교 1개 학교에 그쳤다. 이후 문재인 정부 출범 3일 만인 2017년 5월 12일에 문재인 대통령이 국정교과서 폐기를 지시하고, 2017년 5월 31일 교육부가 역사교과서 발행체제를 국정·검정 혼용에서 검정체제로 전환하는 고시 개정을 완료함에 따라 공식적으로 폐지가 완료되었다.

<출처>
- 한국사 교과서 국정화 확정(2015) 시사상식사전 / 박문각. 2015.12.01.
(http://terms.naver.com/entry.nhn?docId=3334445&cid=43667&categoryId=43667)
- 박근혜정부 한국사 교과서 국정화 사태 / 나무위키. 2017.05.31.
(https://namu.wiki/w/%EB%B0%95%EA%B7%BC%ED%98%9C%EC%A0%95%EB%B6%80%20%ED%95%9C%EA%B5%AD%EC%82%AC%20%EA%B5%90%EA%B3%BC%EC%84%9C%20%EA%B5%AD%EC%A0%95%ED%99%94%20%EC%82%AC%ED%83%9C)",">
- 한국사 교과서 국정화 확정(2015) 시사상식사전 / 박문각. 2015.12.01.
(http://terms.naver.com/entry.nhn?docId=3334445&cid=43667&categoryId=43667)
- 박근혜정부 한국사 교과서 국정화 사태 / 나무위키. 2017.05.31.
(https://namu.wiki/w/%EB%B0%95%EA%B7%BC%ED%98%9C%EC%A0%95%EB%B6%80%20%ED%95%9C%EA%B5%AD%EC%82%AC%20%EA%B5%90%EA%B3%BC%EC%84%9C%20%EA%B5%AD%EC%A0%95%ED%99%94%20%EC%82%AC%ED%83%9C)"
광복 70주년,2015-08-15,2015-06-11,2015-08-14,역사,아시아,1,92,8,4,"정부는 광복70주년을 맞이하여 축하 분위기 확산과 내수경기 진작을 위하여 2015년 8월 14일을 임시공휴일로 지정하였다. 서울을 비롯하여 전국 곳곳에서 광복 70주년을 축하하는 다채로운 행사가 열렸으며, 광복절 연휴기간 동안 자치단체 공공시설 무료 개방을 추진하였다.
<출처>
- 행정자치부 보도자료 ‘광복절 연휴기간 자치단체 공공시설 무료 개방’ / 회계제도과, 행정자치부, 2015.08.13",">
- 행정자치부 보도자료 ‘광복절 연휴기간 자치단체 공공시설 무료 개방’ / 회계제도과, 행정자치부, 2015.08.13"
2015년 DMZ 목함지뢰폭발사고부터 남북당국자회담까지,2015-08-04,2015-09-02,2015-09-07,사회과학,정치학,193,47,0,3,"2015년 7월 26일부터 8월 1일 사이에 북한군이 군사분계선(DML)에 매설한 것으로 보이는 목함지뢰가 폭발하여 그 해 8월 4일 서부전선 DMZ에서 수색작업을 벌이던 우리 장병 2명이 심각한 부상을 당하였다. 이에 우리 군은 8월 10일 17시 이후 응징차원에서 군사분계선 일대 대북 확성기 방송을 부분적으로 시행하는 등 남북간 군사적 긴장 상태가 고조되었다.
2015년 8월 22일, 남측의 김관진 국가안보실장과 홍용표 통일부 장관, 북측의 황병서 조선인민군 총정치국장과 김양건 조선노동당 중앙위원회 비서는 판문점에서 접촉하여 8월 24일까지 3일간 회담을 진행하였다. 회담은 극적으로 타결되었으며, 남북관계 개선을 위한 당국자 회담을 빠른 시일 내 개최하고, 추석을 계기로 이산가족 상봉을 진행하기로 하는 등의 내용으로 되어 있는 남북공동선언문을 발표하였다.
<출처>
- 합동참모본부 보도자료 ‘북(北), 비무장지대(DMZ) 지뢰도발 사건’조사 결과 / 합참 공보실, 2015.08.10
- 국방부 보도자료 ‘대북(對北)확성기방송 부분 시행’ / 정책기획관실 북한정책과, 2015.08.10
- 남북 고위당국자 접촉 공동 보도문, 청와대, 2015.08.25",">
- 합동참모본부 보도자료 ‘북(北), 비무장지대(DMZ) 지뢰도발 사건’조사 결과 / 합참 공보실, 2015.08.10
- 국방부 보도자료 ‘대북(對北)확성기방송 부분 시행’ / 정책기획관실 북한정책과, 2015.08.10
- 남북 고위당국자 접촉 공동 보도문, 청와대, 2015.08.25"
2015년 4.29 재보궐선거,2015-04-29,2015-04-15,2015-05-06,사회과학,정치학,114,0,0,0,"2015년 4월 29일, 오전 6시 ~ 오후 8시 (사전투표일 : 2014년 4월 24·25일, 오전 6시 ~ 오후 6시) 투표를 실시하여 총 12개 선거구 국회의원 , 4명 광역의회의원, 1명 기초의회의원 7명을 선출했다.",
2015년 10대 뉴스,2015-01-01,2016-01-07,2016-01-19,총류,"신문,저널리즘",295,29,1,1,"매년 연말이 되면 주요 언론 및 정부기관, 지방자치단체, 각종 단체에서는 한 해를 정리하는 의미에서 국내외 사건, 인물을 비롯한 각 분야에서의 이슈가 되었던 뉴스를 선정하여 10대 뉴스로 발표하였다. 국내 주요 언론사에서 선정한 2015년 국내 10대 뉴스에는 메르스, 역사교과서의 국정화, 헌법재판소의 간통죄 위헌 결정, 성완종 리스트 등이 공통적으로 포함되었다.

<출처>
- 2015 10대 뉴스·인물, 최희진, 김경학, 유희곤, 구교형, 조미덥, 김여란, 임아영, 선명수,허남설, 경향신문 2015.12.20.
- 2015 포커스뉴스 정치 10대 뉴스, 포커스뉴스 2015.12.30.",">
- 2015 10대 뉴스·인물, 최희진, 김경학, 유희곤, 구교형, 조미덥, 김여란, 임아영, 선명수,허남설, 경향신문 2015.12.20.
- 2015 포커스뉴스 정치 10대 뉴스, 포커스뉴스 2015.12.30."
2014년 인천아시안게임,2014-09-16,2014-07-11,2014-11-14,예술,"오락,스포츠","1,336",537,108,0,"인천아시안게임은 2014년 9월 19일부터 10월 4일까지 16일간 인천광역시 일원에서 열렸으며, 45개국의 13,000여명이 참가하여 우리나라는 금 79개, 은 70개, 동 79개로 중국에 이어 두번째로 많은 메달을 땄다. 또한 북한 선수단은 금 11개, 은 11개, 동 14개로 종합 7위에 올랐으며, 북한 대표단이 아시안게임 폐회식을 참석하기 위하여 방문함으로써 5.24조치 이후 경색된 남북 관계의 개선이 기대되기도 하였다.
<출처>
- [인천아시안게임 더 중요한 그 후 …·2]부채 증가 이유는 / 목동훈, 경인일보, 2014.10.13
- ‘인천 아시안게임 경기장 적자폭 심각… 총 140억 원’ / 배해수, OBS, 2015.12.11
- 남북 고위급 합의 사흘도 안 됐는데…벌써 동상이몽? / 안의근, JTBC, 2015.08.27
- [월요기획] 부산의 전철 밟는 인천 ‘AG경기장 삼중고’ / 이현준, 경인일보, 2015.11.30
- <스포츠10대뉴스> ⑥인천 아시안게임 개최…북한 선수단 참가 / 김수현, 2014.12.16",">
- [인천아시안게임 더 중요한 그 후 …·2]부채 증가 이유는 / 목동훈, 경인일보, 2014.10.13
- ‘인천 아시안게임 경기장 적자폭 심각… 총 140억 원’ / 배해수, OBS, 2015.12.11
- 남북 고위급 합의 사흘도 안 됐는데…벌써 동상이몽? / 안의근, JTBC, 2015.08.27
- [월요기획] 부산의 전철 밟는 인천 ‘AG경기장 삼중고’ / 이현준, 경인일보, 2015.11.30
- <스포츠10대뉴스> ⑥인천 아시안게임 개최…북한 선수단 참가 / 김수현, 2014.12.16"
2014년 동부전선 육군 GOP 소초 총기사고,2014-06-21,2014-07-01,2014-08-08,사회과학,"국방,군사학",220,0,0,0,"2014년 6월21일 토요일 20시15분경, 동부전선인 강원도 고성군 22사단 GOP에서 임모 병장(22)이 수류탄을 터뜨리고 K-2 소총 20여 발을 난사해 5명이 사망하고 7명이 부상당하였다. 이후 임병장은 이후 실탄 60여 발을 들고 탈영하여 도주하였고, 강원도 고성군 금강산콘도 500m 서쪽에서 군과 대치하다 범행 43시간 만에 붙잡혔다. 임병장은 부대에서 집단 따돌림을 받았으며, 순찰일지 뒷면 겉표지에 자신을 희화한 그림을 보고 범행을 결심하게 되었다고 주장하였으나 재판시 받아들여지지 않았다. 국방부 고등군사법원은 임 병장에 대한 항소심 선거공판에서도 1심과 동일하게 사형을 선고하였다. 임병장에 대한 군사재판은 모두 사형으로 마무리되어 임병장이 상고할 경우 최종 판단은 민간 법정인 대법원에서 진행될 것으로 보인다.
<출처>
- ‘동부전선 육군 GOP 소초 총기사고 관련’ 국방부 보도자료, 국방부 대변인실, 2014.06.22
- ‘동부전선 육군 GOP 총기사고 사고자 검거 관련’ 국방부 보도자료, 국방부 대변인실, 2014.06.23
- ‘22사단 탈영병 생포 뒤 육군중앙수사단 인계 예정…일단 강릉아산병원 후송해 치료 중’ / 온라인뉴스부, 서울신문, 2014.06.23
- 'GOP 총기난사' 임 병장, 軍 법원 2심도 사형 선고(종합2보)’ / 이영재, 연합뉴스, 2015.08.17",">
- ‘동부전선 육군 GOP 소초 총기사고 관련’ 국방부 보도자료, 국방부 대변인실, 2014.06.22
- ‘동부전선 육군 GOP 총기사고 사고자 검거 관련’ 국방부 보도자료, 국방부 대변인실, 2014.06.23
- ‘22사단 탈영병 생포 뒤 육군중앙수사단 인계 예정…일단 강릉아산병원 후송해 치료 중’ / 온라인뉴스부, 서울신문, 2014.06.23
- 'GOP 총기난사' 임 병장, 軍 법원 2심도 사형 선고(종합2보)’ / 이영재, 연합뉴스, 2015.08.17"
2014년 브라질 월드컵,2014-06-13,2014-08-01,2014-09-05,예술,"오락,스포츠","1,402",0,182,0,"2014년 6월 13일 오전 5시(한국시간) 브라질과 크로아티아 개막전으로 브라질 월드컵이 시작되었다. 브라질은 월드컵 개막 1년 이전부터 주요 도시에서는 월드컵 반대 시위와 파업으로 전개되었고, 시위자들은 대회 개최에 들어가는 막대한 비용을 보건, 교육 등 내부 시스템 개선에 쓸 것을 요구하였다. 브라질 연방정부가 2013년 6월에 발표한 개최 비용은 약 125억 달러(12조8500억원)으로 2002년 한∙일 월드컵(5조2300억원), 2006년 독일 월드컵(5조5400억원)보다 세 배 많은 액수였다. AP통신 등 외신에 따르면 브라질 상파울루의 코린치앙스 스타디움에 열린 개막식에 총 800만 달러(약 81억원)을 사용한 것으로 전해졌다. 한편 독일이 7월14일 결승전에서 1-0으로 아르헨티나를 꺾고 우승을 하였고, 개최국인 브라질은 3-4위전에서 네덜란드에 0-3으로 패하여 4위에 머물렀다. 벨기에, 알제리, 러시아와 같이 H조에 속하던 홍명보감독이 이끌던 우리나라팀은 득점 3, 실점 6, 승점 1로 H조에서 4위를 하여 16강에 올라가지 못했다.
<출처>
- ‘브라질서 월드컵 반대 시위 계속…18명 체포’ / 김지선, KBS News 2014.06.15
- <월드컵2014> 브라질 정부 ""월드컵 비용 12조원 육박"" / 김재순, 연합뉴스 2014.05.24
- '브라질월드컵 개막식' 쏟아부은 비용 보니…야유할 만하네’, 온라인중앙일보, 2014.06.13
- 브라질, '월드컵의 저주'…2300억원 짜리 경기장 폐쇄 / 김진일, JTBC, 2015.02.03",">
- ‘브라질서 월드컵 반대 시위 계속…18명 체포’ / 김지선, KBS News 2014.06.15
- <월드컵2014> 브라질 정부 ""월드컵 비용 12조원 육박"" / 김재순, 연합뉴스 2014.05.24
- '브라질월드컵 개막식' 쏟아부은 비용 보니…야유할 만하네’, 온라인중앙일보, 2014.06.13
- 브라질, '월드컵의 저주'…2300억원 짜리 경기장 폐쇄 / 김진일, JTBC, 2015.02.03"
2014년 6.4 지방선거,2014-06-04,2014-05-30,2014-07-04,사회과학,정치학,"2,663",0,7,0,"2014년 6월 4일 민선 6기를 이끌 지방자치단체장과 지방의원, 교육감 등을 선출하는 지방선거가 실시되어 시도지사 17명, 구시군의장 226명 등 총 3,952명을 선출하였다.
시도지사 선거결과로는 새누리당 8명, 새정치연합 9명이 당선되었으며, 구시군의장 선거는 새누리당 117명, 새정치연합 80명, 무소속 29명이었다 그 밖에도 전체 17곳의 광역단체 교육감 선거에서 진보 성향 후보들은 13곳에서 당선되었고, 대구시, 대전시, 울산시, 경상북도 4곳에서는 보수 성향 후보가 당선되었다.
<출처>
- 제6회 전국동시지방선거 외부평가, 한국정치학회, 2014
- 제6회 전국동시지방선거, 연합뉴스 (출처URL: http://www.yonhapnews.co.kr/vote2014/ 최종접속일 2015.12.11)",">
- 제6회 전국동시지방선거 외부평가, 한국정치학회, 2014
- 제6회 전국동시지방선거, 연합뉴스 ("
문화유산 콘텐츠,2014-01-01,2018-09-18,2018-10-04,역사,아시아,203,365,0,495,"문화재청에서는 그 동안 흩어져있던 문화유산 관련 디지털 콘텐츠들을 ‘국가문화유산포털’로 통합하여 2014년 1월 1일부터 서비스 중이다. 이 곳에는 기존의 국가문화유산포털, 사이버문화재탐방, 국가기록유산포털, 문화재청 누리집 등에 분산되어있던 콘텐츠들이 통합되어 제공되며, 문화재청 및 관계기관들이 보유한 디지털 콘텐츠 180만여 건 역시 추가로 포함된다. 이 곳에서는 시각장애인 및 고령자를 위한 음성해설, 청각장애인용 수화와 자막이 지원되며 외국인 및 귀화한국인을 고려해 영어, 중국어, 일본어 자막 역시 서비스한다.

<출처>
문화재청 국가문화유산포털 홈페이지 (http://www.heritage.go.kr)",">
문화재청 국가문화유산포털 홈페이지 (http://www.heritage.go.kr)"
미세먼지,2013-12-01,2016-06-10,2016-06-14,기술과학,"공학,공업일반,토목공학,환경공학",359,34,58,4,"2015년 7월 전국 평균 미세먼지 기준치 초과 횟수는 40회, 초미세먼지의 초과 횟수는 99회에 달하는 등 미세먼지가 심각한 수준으로 증가했다. 정부는 6월 3일 국무총리 주재로 관계부처 장관회의를 개최하여 '미세먼지 관리 특별대책'을 확정, 발표하였다.
‘미세먼지 관리 특별대책’에는 ▲미세먼지를 다량 배출하는 경유차·건설기계 관리 강화, ▲친환경차 보급을 획기적으로 확대, ▲대기오염이 극심한 경우 부제 실시 등 자동차 운행제한, ▲발전소와 산업체에서 발생하는 미세먼지를 저감, ▲저에너지 도시 구축산업을 육성하기 위해 지속가능한 스마트 도시와 제로에너지 빌딩 등 친환경 건축물을 확산 ▲주변국과의 환경협력을 더욱 강화하여 가시적인 미세먼지 저감성과를 거두고, 해외 환경시장 진출기회를 적극적으로 활용, ▲고농도시 국민건강 보호를 위한 미세먼지 예·경보 체계를 혁신하고 대응기술을 개발하겠다는 내용이 포함되어 있다.
국내 대기질 개선을 위해 국립환경과학원은 서울시보건환경연구원와 미 항공우주국(NASA∙나사)과 함께 ‘한미 협력 국내 대기질 공동조사(KORUS-AQ)를 2016년 5월 5일부터 6월20일까지 진행하였다. 항공기 3대, 선박 2대, 위성 5대, 지상 관측지점 16개소를 활용해 수도권과 우리나라 대기질을 입체적으로 관측해 지역적 특성에 따른 미세먼지와 오존 발생원인을 규명하고자 하였는데, 오산 미국기지에서 한반도 상공을 돌며 대기 상황을 관측한 미항공우주국 연구진들은 대기질이 매우 나쁘며, 미세먼지 상당 부분이 국내에서 자체 생성되었다는 결론을 제시하였다. 그린피스 서울사무소와 환경운동연합은 미세먼지는 화석 연료 사용에 의해서도 생성되므로 석탄 화력발전소가 미세먼지 생성의 주범이므로 신재생 에너지를 이용해야 한다고 주장한다. 그렇기에 10기의 노후석탄발전소 모두 폐기 수순을 밟아야 하며, 2021년까지 석탄 화력 발전소 24기를 증설하려는 계획을 취소할 것을 촉구하였다.

<출처>
- 환경부 미세먼지 관리 대책. 환경부 ( http://issue.korea.kr/me/finedust)
- 한미협력 국내 대기질 공동 조사 / 7월부터 도로 미세먼지 실시간 측정차량 운행, 서울특별시 보건환경연구원, 2016.06.21
- [미세먼지 해부②]석탄 화력발전소 주범 지목…""고등어 논란은 해프닝"". 심동준, Newsis, 2016.06.12
- [미세먼지 해부③]지난 3년 농도 차이 없는데…올해 심각성 급부상 왜?. 김현섭, Newsis, 2016.06.12
- [공동성명서] 산업부, 초미세먼지의 주요 원인 중 하나인 석탄발전소 증설계획 철회해야. 그린피스, 2016.06.01",">
- 환경부 미세먼지 관리 대책. 환경부 ( http://issue.korea.kr/me/finedust)
- 한미협력 국내 대기질 공동 조사 / 7월부터 도로 미세먼지 실시간 측정차량 운행, 서울특별시 보건환경연구원, 2016.06.21
- [미세먼지 해부②]석탄 화력발전소 주범 지목…""고등어 논란은 해프닝"". 심동준, Newsis, 2016.06.12
- [미세먼지 해부③]지난 3년 농도 차이 없는데…올해 심각성 급부상 왜?. 김현섭, Newsis, 2016.06.12
- [공동성명서] 산업부, 초미세먼지의 주요 원인 중 하나인 석탄발전소 증설계획 철회해야. 그린피스, 2016.06.01"
2007 남북정상회담,2007-10-02,2018-10-10,2018-10-10,사회과학,정치학,69,5,5,21,"2007년 8월 2일과 3일 양일간 김만복 국정원장과 김양건 통일전선부장이 각각 남북 특사로 만났고 이 과정에서 북한이 정상회담 개최를 제안해왔다. 이에 양측은 8월 28일부터 8월 30일까지 제2차 남북정상회담을 개최하는 것으로 합의하였으나, 북한이 수해 피해로 인해 회담 날짜를 10월 초로 연기할 것을 요청하였다. 노무현 대통령은 10월 2일 도보로 군사분계선을 넘어 한국 대통령으로는 최초로 육로를 통해 평양을 방문하였다. 두 정상은 한반도 비핵화와 평화제체 구축에 동의하였으며, 서해평화협력특별지대·경제협력 등에 합의하고 남북교류를 앞으로도 활발히 해나가기로 다짐하였다.

<출처>
통일부 남북회담본부 (https://dialogue.unikorea.go.kr/ukd/main/userMain/main.do)",">
통일부 남북회담본부 (https://dialogue.unikorea.go.kr/ukd/main/userMain/main.do)"
가습기 살균제 사건,2001-01-01,2016-05-26,2017-07-12,사회과학,"사회학,사회문제","1,063",395,49,24,"가습기살균제 사건은 대한민국에서 일어난 세계 최초의 바이오사이드(Biocide, 살생물제(殺生物齊))사건이라고 할 수 있다. 가습기살균제는 1994년 11월 대기업 유공(현재의 SK케미컬)에 의해 세계 최초로 개발되어 판매가 시작되었다. 가습기 살균제는 한국의 SK케미칼과 같은 대기업한테서 원료를 공급받거나 외국에서 원료를 수입해 옥시레킷벤키저와 같은 외국계기업과 롯데마트 등 주요 대형할인점들이 만들어 판매했다. 1994년 첫 제품이 나온 뒤 2011년까지 20여 종이 시장에 선보였으며 18년간 800만 명이 사용한 것으로 추정됐다.
가습기살균제의 피해자는 어린이와 임산부 등을 중심으로 2000년대 초반부터 나오기 시작하였다. 폐손상조사위원회의 백서에 의하면 최초 사망 사례는 2002년 6월, 옥시싹싹을 사용한 5세의 유아이다. 2006년에도 원인미상 소아급성 간질성 폐렴 사망 사례가 다수 발생하는 등 심각한 상황이 벌어졌으나 정부와 의료진 모두 그 원인을 밝혀내지 못했다. 2011년 4월 25일 서울아산병원은 ‘중환자실에 급성호흡부전을 주증상으로 하는 중증 폐렴 임산부 환자의 입원 증가’로 질병관리본부에 신고와 조사를 요청하였다. 2011년 8월 31일, 질병관리본부는 역학조사 결과를 발표를 통하여 가습기살균제가 원인으로 추정되므로 제품 출시 및 사용자제 권고를 내렸다.
2011년 11월, 11일, 보건복지부는 폐섬유화 증상이 발견되었다는 1차 동물실험 결과를 중간 발표하였고 PHMG, PGH의 독성이 확인된 6종 가습기 살균제에 대하여 제품 수거명령을 발동하였으나 피해 보상은 제조사에게 소송하라고 하여 피해자들의 반발을 일으켰다. 피해자는 2012년 1월 국가와 기업을 공동상대로 민사소송을 제기하게 되었다. 2012년 2월 2일 1차 동물실험 결과의 최종 발표에서 보건복지부는 PHMG, PGH 성분의 인과관계를 최종 확인하였다고 하였다. 2013년 8월, 정부는 피해자에게 의료비와 장례비를 우선 지원하고, 가해기업에게 이를 구상하기로 결정하였으며, 2014년 12월에 옥시레킷벤키저 등 13개 제조·판매사를 상대로 구상금 청구소송을 제기하게 된다.
환경부와 가습기살균제피해자와가족모임에 따르면 2017년 8월 29일까지 정부에 신고된 피해 신고자는 5,816명이며 사망자는 1,239명에 이른다고 밝혔다. 정부는 피해신고자 중 2,196명에 대한 피해 판정을 완료하고 연관성이 인정된 388명의 피해자에게 보상을 지급하기로 하였다. 또한 가습기살균제 사건의 재발방지책으로 생활화학제품 및 살생물제 안전관리에 관한 법률, 화학물질 등록 및 평가 등에 관한 법률 등 화학물질 관리를 강화하고 지속적인 피해자 파악과 구제 범위를 확대할 것임을 밝혔다.


<출처>
- 가습기 살균제 건강피해 사건 백서: 사건인지부터 피해 1차 판정까지, 보건복지부 질병관리본부 폐손상조사위원회, 2014.12
- 가습기 살균제 현황과 대책, 이호종, KFEM(환경운동연합)
- 이슈와 논점 제1168호 (2016년 5월23일), 이혜경, 국회입법조사처
- 文 대통령, 가습기 살균제 피해자와 면담... / 백성요. 녹색경제. 2017.8.8.
(http://www.greened.kr/news/articleView.html?idxno=32792)
- 가습기살균제 피해 신고자 1,252명 중 97명 피해 추가 인정 / 이슬기. KBS. 2017.8.10. (http://news.kbs.co.kr/news/view.do?ncd=3531144&ref=A)
- 가습기살균제 3∼4단계 피해자도 구제 길 열려(종합) / 성서호. 연합뉴스. 2017.9.12.
(http://www.yonhapnews.co.kr/bulletin/2017/09/12/0200000000AKR20170912099251004.HTML?input=1195m)

<수집기간>
1차 : 2016.5.26~2016.6.8. 2차 : 2017.6.28. ~ 2017.7.12.",">
- 가습기 살균제 건강피해 사건 백서: 사건인지부터 피해 1차 판정까지, 보건복지부 질병관리본부 폐손상조사위원회, 2014.12
- 가습기 살균제 현황과 대책, 이호종, KFEM(환경운동연합)
- 이슈와 논점 제1168호 (2016년 5월23일), 이혜경, 국회입법조사처
- 文 대통령, 가습기 살균제 피해자와 면담... / 백성요. 녹색경제. 2017.8.8.
(http://www.greened.kr/news/articleView.html?idxno=32792)
- 가습기살균제 피해 신고자 1,252명 중 97명 피해 추가 인정 / 이슬기. KBS. 2017.8.10. (http://news.kbs.co.kr/news/view.do?ncd=3531144&ref=A)
- 가습기살균제 3∼4단계 피해자도 구제 길 열려(종합) / 성서호. 연합뉴스. 2017.9.12.
(http://www.yonhapnews.co.kr/bulletin/2017/09/12/0200000000AKR20170912099251004.HTML?input=1195m)

<수집기간>
1차 : 2016.5.26~2016.6.8. 2차 : 2017.6.28. ~ 2017.7.12."
2000 남북정상회담,2000-06-13,2018-09-19,2018-09-19,사회과학,정치학,4,5,5,20,"1998년 2월 출범한 국민의 정부는 세계적인 탈냉전 흐름에 따라 화해협력정책이 한반도 평화와 안정 확보 및 남북관계 개선의 가장 좋은 방법이라는 판단 하에 경제교류협력을 지속적으로 추진하였다. 2000년 3월 김대중 대통령은 대북경제지원, 평화정착, 이산가족 문제해결 등 한반도 문제 전반을 포괄하는 ‘베를린 선언’을 통해 북한과의 대화 의지를 세계에 천명하고 북한의 반응을 촉구하였다. 이러한 흐름에 북한이 호응하여, 2000년 6월 13일부터 6월 15일까지 김대중 대통령이 평양을 방문하여 북한 김정일 국방위원장과 남북정상회담을 개최하였다. 평양 순안공항에 도착한 김 대통령은 공항에서 북측 인사들의 환대를 받았으며, 백화원초대소에서 김정일 국방위원장과 회담하였다. 6월 15일 두 정상은 남북공동선언을 발표하였다. 선언에는 통일 문제를 자주적으로 해결하고 남측의 연합제 안과 북측의 낮은 단계 연방제 안의 공통성을 인정하고 이 방향으로 통일을 지향해나간다는 방향성을 다짐하며, 이산가족·비전향 장기수 등 인도적 문제의 조속한 처리와 경제교류의 활성화 등을 합의하고 적절한 시기에 김정일 국방위원장이 서울을 방문한다는 내용이 들어갔다.

<출처>
행정안전부 국가기록원 홈페이지 - 기록정보콘텐츠
(http://www.archives.go.kr/next/search/listSubjectDescription.do?id=003347)
통일부 남북회담본부 (https://dialogue.unikorea.go.kr/ukd/main/userMain/main.do)",">
행정안전부 국가기록원 홈페이지 - 기록정보콘텐츠
(http://www.archives.go.kr/next/search/listSubjectDescription.do?id=003347)
통일부 남북회담본부 (https://dialogue.unikorea.go.kr/ukd/main/userMain/main.do)"
도서관,2000-01-01,2021-08-01,2022-02-26,총류,문헌정보학,329,0,0,0,"도서관은 도서 및 기타 자료를 수집·정리·보존하여 독자에게 독서·조사·연구·참고·취미 등에 이바지 할 목적으로 조직 운영되는 기관이다.
국립중앙도서관은 입법, 사법 및 각 행정기관의 직무수행을 위한 자료를 수집·조직·보존하여 그 이용에 봉사하고, 일반 국민들이 정보자료를 효과적으로 이용할 수 있도록 하는 봉사기능을 가진다. 기타 목차와 원문을 데이터베이스화하여 정보이용에 신속성을 기하고, 복사서비스, 정보봉사, 국내외 상호협력기능 등을 들 수 있다. 그밖에 도서관업무 전산화 프로그램을 보급하고, 국내 공공도서관에 자료를 지원하는 기능을 수행하고 있으며, 또한 교육적인 기능면에서 문화학교 및 전국독서교실을 운영하고, 사서직 전문교육, 견학 및 실습지도, 직원들의 해외 출장 및 연수를 수시로 실시하고 있다.
공공도서관은 국민들의 교양과 조사연구 및 오락 등 그 이용에 봉사를 목적으로 하는 시설을 말하므로 지역사회의 사회교육기관 또는 평생교육기관으로서의 기능을 가지며, 학교도서관은 정보자료를 수집·조직·축적하여 봉사하는 기본적인 기능과 학생들에게 자료 및 도서관 이용지도의 기능을 가진다.
이처럼 도서관은 자료의 수집·보존·이용을 수반하는 봉사기관으로 각 도서관마다 그 설립목적과 이용대상에 따라 특색을 지닌다.
도서관 컬렉션은 전국의 도서관 홈페이지로 구성되어 있다. 국립중앙도서관, 지방자치단체(시·도)의 중앙도서관, 시립도서관, 작은도서관 등 공공도서관 및 민간도서관의 홈페이지를 한 데 모아 이용자들이 한눈에 파악할 수 있도록 도서관 정보를 제공한다.
<출처>
다음백과(https://100.daum.net/encyclopedia/view/14XXE001569)",">
다음백과(https://100.daum.net/encyclopedia/view/14XXE001569)"
비엔날레,1995-09-20,2019-06-26,2019-10-31,예술,예술,24,0,0,0,"'비엔날레'는 원래 이탈리아어로 '2년에 한 번'이라는 뜻으로 미술 분야에서는 2년마다 열리는 전시 행사를 의미한다. 1895년 베니스에서 시작된 비엔날레가 유명세를 얻으며 대규모 국제 전시회를 일컫는 말로 널리 쓰이게 되었다. 베니스 비엔날레는 세계 각국의 비엔날레 중 가장 역사가 길고 그 권위를 인정받고 있으며, 세계 각국의 최신 미술 경향을 소개하는 장의 역할을 하고 있다. 한국에서는 1995년에 처음 열린 광주 비엔날레를 시작으로 현대미술 전반을 비롯하여 사진, 건축, 미디어아트 등에 초점을 맞추는 다양한 비엔날레가 개최되고 있다.

<출처>
비엔날레 (세계미술용어사전, 월간미술 https://monthlyart.com/)",">
비엔날레 (세계미술용어사전, 월간미술 https://monthlyart.com/)"
북한,1953-07-27,2016-08-17,2016-08-26,역사,지리,83,439,0,0,"북한은 평양직할시, 평안남도, 평안북도, 황해남도, 황해북도, 함경남도, 함경북도, 강원도 자강도, 양강도로 현재는 1직할시, 2특별시, 9도 등으로 되어 있다. 1945년 해방 당시 6도, 9시, 89군, 810읍∙면이었으나, 1952년 12월 행정체계와 행정구역 개편을 통해 도(특별시), 시∙군(구), 읍∙리(동∙노동지구)의 3단계 행정구역체계로 개편하고 군 지역을 재분할하였다. 북한의 2013년 총인구는 2,454만5,342명으로 추정되며, 평양시 및 평안남∙북도에 전체인구의 40% 이상이 거주하여 서부지역에 인구 집중도가 가장 높으며, 북부내륙지방인 자강도∙양강도에는 8.7%가 거주하는 것으로 나타나고 있다. 또한 총인구의 61% 정도가 도시지역에 집중되어 있는 것으로 보여 진다. 북한은 최고정책적 지도기관인 ‘국무위원회’와 입법기구인 ‘최고인민회의’, 행정기관인 ‘내각’ 그리고 사법기관이 있다. 북한의 경제체제의 특징은 국가소유 위주의 사회주의 소유제도이다. 북한경제는 2011~2014년간 연평균 1.1%이 경제 성장률을 보이고 있다. 2014년 북한의 명목 국민총소득은 약 34.2조원(한화 기준)으로서 남한의 1/44이며, 1인당 국민소득은 138.8만원(한화 기준)으로 남한의 1/21에 불과하다.
북한의 교육행정은 노동당의 지도에 의해 수립되고 진행되는데 교육 정책의 수립과 지도는 노동당 중앙위원회 산하 과학교육부가 담당하고 있다. 북한의 학제는 5-6-4(6)년제를 근간으로 한 소학교 5년, 중학교 6년, 대학교 4~6년으로 구성되어 있으며, 1996년부터는 북한의 학기는 개학이 4월 1일이고, 방학으로는 여름방학(8.1~31), 겨울방학(1.1~2.16), 봄방학(3월 말 1주일)이 있다.


<출처>
- 2016 북한의 이해. 통일교육원 교육개발과, 2015.12
- 북한정보포털. 통일부 (http://nkinfo.unikorea.go.kr/nkp/main/portalMain.do)",">
- 2016 북한의 이해. 통일교육원 교육개발과, 2015.12
- 북한정보포털. 통일부 (http://nkinfo.unikorea.go.kr/nkp/main/portalMain.do)"
